	Unnamed: 0	multimodal_emotion	text_script
19200	71369	7	천천히 줘도 돼.  근데, 너는 왜 전학 왔어?
19201	61358	5	왜 갑자기?
19202	71589	4	걔는 동아리 같은 거 안 한대. 혼자 노는게 좋대.
19203	37960	0	너 같으면 분통 안 터지겠냐?
19204	74206	2	군대가기 전에 카페에서 1년정도 일한 경험 있습니다!
19205	14824	3	됐어, 신경 꺼. 오빠한테 기대한 내가 잘못이지. 게임도 못하는데 티켓팅이라고 잘 하겠냐?
19206	37876	0	뭘 오해하시게 끔이야. 그냥 실언이지. 영업은 말빨인데, 이래서 뭘 팔아먹겠어?
19207	73217	7	" 너 일할 때 진짜 섹시한 거 알아? 	너도 알지? 모를 리 없지. 이렇게 섹시한데."
19208	44415	4	지금은 어떤 쪽으로 마음이 기우는데?
19209	50884	0	하나라도 엄마가 맘에 들게 좀 해봐. 엄마가 잔소리를 하나.               빨래좀 아무데나 던져 놓지 말고 양말 좀 제발 뒤집어 놓지 말고!
19210	37609	3	당연하죠…하… 진짜 제가 얼마 들인줄 아세요..? 이거 어머니한테 청구해야될거 같은데..
19211	15018	3	저한테 괜히 희망 주지 마세요. 저는 선배 어려워요. 그 때도 그렇고 지금도 마찬가지에요.
19212	16900	1	날짜는 언제야?
19213	78792	6	안 심심한데?
19214	36635	1	할아버지는?
19215	11504	1	네, 아이들이 꽤 많이 도와주기로 약속했어요.
19216	75607	3	그래요. 삼촌 맨날 혼자 궁상 떠는거 꼴보기 싫다고.         은경쌤 소개해주면 어떻겠냐고. 엄마가 그래서 제가 물어본 거 아니에요.
19217	8603	6	응 뭐 늘 똑같지 뭐
19218	37418	1	지금 우리 이렇게 대화하고 있는거… 상철 씨도 아세요..?
19219	73099	7	나는….. 헨리나 마르셍.
19220	78169	6	나 저녁 먹기 싫단 말이야.
19221	54241	6	발라.
19222	15764	0	아니, 내가 지난 번에 자꾸 돈이 빈다고 했잖아.
19223	74045	2	"니가 왜 돈 쓸 곳이 없어? 	연애도 해야되고, 어? 친구들이랑 술도 마셔야 되고."
19224	35803	0	뭐..? 너 지금 그게 할 소리야? 지금 친구는 병원에서 팔을 꿰매고 있다는데… 너는 미안 하지도 않아?!
19225	18661	1	응. 이모 잠꼬대도 해.
19226	63949	5	그럼 주변에 있는 어른들한테 여쭤보면 되죠. 잘 할 수 있을거예요.
19227	37972	1	선한 자는 선할 것이요, 악한 자는 악할 것이니.
19228	73348	7	그래. 내가 초코우유도 사줄게.
19229	33562	4	없지. 남들 해주는 거 다 해줬는데. 왜 너는 사랑한다는 말을 안해.
19230	64483	0	내가 은주씨, 면접볼 때부터, 뭔가 불안했다고.        여행 좋아하고, 술 좋아한다고 말했을 때부터,        아, 얘는 나중에 뒤통수 한 번, 크게 치겠구나 했는데....        역시 예감이 맞았다니까?
19231	32726	2	아…
19232	39962	0	 야! 그만하라고!
19233	41134	4	미안하다. 아들아.
19234	17356	4	나는… 하… 그러게 내가 누굴 닮았지? 나는 공부도 싫고 책도 싫어.
19235	33823	4	그래서 요즘은 아예 선금을 받고 해.
19236	23354	1	음… 할머니가 요 앞에 어떤 할머니를 아는데. 그 할머니 손녀딸이 정민지래. 너랑 같은 학교 다니길래 아는 지 궁금해서.
19237	14499	3	진짜 짜증 나겠다.
19238	60269	0	너 배 아픈데 선생님이 일어나라고 했다고?
19239	72236	2	이거요..
19240	24294	1	할머니, 그러지 말고 아빠한테 바꿔 달라고 해.
19241	15452	4	그럼, 숙모랑 이혼한 것도 그것 때문인거야?
19242	65973	0	아침부터 우리가 개를 끓이고 있거든.
19243	59374	2	숨기려고 한게 아니라. 아빠가 이렇게 화 내실거 아니까.        조심스럽게 말씀 드린거죠.
19244	42877	5	뭐라구요??
19245	45908	5	너가 지환이 동생이야?
19246	42493	4	선배가 받은 대출 저도 받을 수 있죠?
19247	74170	7	장어 좋지. 어디? 서변호수 쪽에 있는 거?
19248	44256	1	저희 집 근처에, 마카롱 맛집인데. SNS에서 엄청 유명하거든요. 
19249	9157	6	야. 너 진짜 너무 한다.
19250	60458	3	이를 거지?
19251	2170	7	 무능한 삼촌은 화장실이나 가 봐야겠다.
19252	64144	0	 고주망태구만, 고주망태야.
19253	44709	2	아 그럼 너무 무서울 거 같은데.  꿈에서 그 사람 머리에 깔려서 기절했는데, 아직도 그 느낌이 생생해.  너무 무거워서 죽을 힘을 다해서 미는 데도 꿈쩍도 안하는 거야.  생전 처음 느껴보는 공포였다고.
19254	79105	6	"그죠. 감독님 어떡하실 거에요.	 저는 다~~ 기억할텐데. 	 원래 안 취한 사람은, 완전 클린 모드로,  처음부터 끝까지 다- 기억하는 거 아시죠."
19255	66839	3	"너, 지나간 것도 잘만 찾아서 보더만.	 이거 나중에 보고 ‘백년의 약속들’ 좀 틀어봐. 	 그건 지금 지나면 못 봐."
19256	29929	3	주제를 알아라. 주제를. 으휴!
19257	15949	1	요 주변에 물가라도 있나? 멀끔하던데?
19258	72396	7	"응!  ‘스타 아역배우, 몰라보게 성숙해진 모습으로 돌아오다’	 기사 제목들이 눈 앞에 보이지 않아? 	 ‘귀여운 얼굴 속, 숨어있던 반전 성숙미’	 ‘외모도 실력도 무르익은 어른미 뿜뿜’, ‘박재민, 10년을 거슬러 돌아오다’  딱!!! 어?!"
19259	1630	7	에헤이, 무슨 소리야. 그냥 가만히 기다려.
19260	59822	0	당연하지. 그 돈 빼먹으려면 20년은 더 해야 된다. 20년은.
19261	30908	7	아니 아직 안 했어. 뭐 시켜먹을까?
19262	41738	4	알아 봤는데 다 너무 비싸더라고… 아, 어쩔 수 없지!
19263	47019	5	발레학원? 갑자기 왜?
19264	78362	6	"할머니가 어떻게 속을 썩여요? 		우리 엄마는 맨날 내가 콜라 많이 마신다고, 속이 썩는다고 그러던데."
19265	40309	1	막상 책을 내니까 이게 또 돈이 되더라고요.
19266	76431	6	"그러면 니가 빠릇빠릇하게 숙제를 하지 그랬어. 	왜 안 해와서 지금 이렇게 고생을 해?"
19267	38724	2	너무 비싸다 이거야?
19268	26344	2	네. 근데 엄청 달아서, 할아버지는 마시면 안돼요.
19269	22888	2	요즘은 그것도 업체가 많아져서… 그리고 그 업체들 뒤에는 깡패들도 있고 그렇대.
19270	1174	6	말을 말자.
19271	45614	5	 남자친구? 어떤 사람인데?
19272	58995	4	그냥.
19273	32843	2	아… 같은과 선배가… 같은 일이 있었는데… 행정실에 부탁해서 납부했다고 들었거든요… 저… 좀 어떻게 안 될까요?
19274	53111	5	그래? 뭐 먹어.
19275	39275	5	공짜? 진짜로 공짜에요?
19276	52099	5	이민주가 누구야.
19277	59952	0	"그렇게 뒤 쫓아다니면서 하나하나 챙겨주면,	 오히려 자립심이 더 떨어지는 거야. 냅둬. 지가 지 살 길 찾게."
19278	10319	7	아 이거 누르면 되겠다!
19279	74928	6	아니 그럼 뭘 먹어야 해? 밥때마다 고기 먹는게 낙인데.
19280	8507	6	나 무용과 나왔잖아 당연히 잘 추지
19281	52920	6	 이게 축하를 해줘야 하는 건지,  뜯어 말려야 하는 건지 잘 모르겠다.   어우 갑자기 머리 아파. 두통약 있어?
19282	78877	3	"쌩판 남보다는 그래도 한동안 한 이불 덮고 잔 	나한테 빌리는 게 낫지 않겠어?"
19283	24792	1	에휴. 아빠가 미안해. 그냥 얘기 해봐.
19284	52239	5	네? 과장님이랑 부장님 왜요?
19285	58877	5	부장님이 어떻게 아셨어요?
19286	47514	0	97년생 소띠다 왜.
19287	13058	1	당연히 오빠 통장으로 했지.
19288	51717	5	응? 냄새가 나? 오늘 아침에 샤워도 하고 머리도 감았는데?
19289	12579	1	나 한 50권?
19290	44691	3	너 또 걔한테 연락했어?? 걔가 건 게 아니고 니가 건 거야?
19291	34775	0	아이씨… 죽을래?
19292	44869	1	그건 그것대로 고민이겠다 진짜.
19293	73634	7	나도 아직까지는 너랑 노는 게 제일 재밌어.
19294	67339	4	소영아빠…. 아무래도 바람난 것 같애.
19295	35649	4	그래도, 저렇게 여러 사람을 만나고 다양한 일들을 겪고… 저런 일들이라도 부럽다.
19296	63977	5	아….아 맞다! 돈스테이크!
19297	9853	5	야! 너 저번에 서류 합격해서 면접보러 간다더니 그거 붙은거야?
19298	9225	5	계속 흔들리 잖아요.
19299	61760	0	아니 그럼 헤어지실 거예요?
19300	9772	5	보통 공부 잘하는 애들이 일 머리 없는 경우도 많은데, 걔는 아니더라. 걔네 회사에서 최연소로 임원 진급할 것 같다고 그러던데.
19301	4751	4	네.. 근데 저같이 젊은 사람들도 실비 보험 많이 쓰나요?
19302	48016	3	안 되겠네. 그럼 잠깐 경찰서로 갑시다.
19303	16958	1	근데 그래… 남는 자리는 있고?
19304	48576	3	그죠. 작년 애들보다 전반적으로 분위기가 좀 놀자판인 것 같아요.
19305	9504	6	헐. 거기 등록 했어?
19306	74316	7	영광은 무슨.
19307	34626	0	 하…
19308	38475	0	손빨래로 해야 되는 건, 신경 좀 써 달라고 했잖아.
19309	14708	1	준비물?
19310	34794	4	왜… 잠깐만 혼자 있으면 안될까? 형 화장실이 너무 급한데.
19311	30581	3	아, 박성우? 그런 애들을 보고 찐따라고 하지.
19312	49622	5	비빔밥?
19313	54542	2	왜 그래 보경아. 무슨 일이야. 이렇게 사색이 돼 가지고.
19314	22248	1	비는 좌석에 앉을 수 있고요, 좌석을 예매 할 수도 있긴 한데. 그러려면, 추가금을 내야 해요.
19315	8013	6	만화 좋아한다고 다 오타쿤거 아니야.
19316	7114	5	소정이? 유치원 같이 다니는 네 친구 말하는 거야.
19317	19324	1	마음에 드는 사람이라도 만나서 정말 좋겠네요.... 저는 통... 마음에 드는 사람도 없어서..
19318	9913	5	할머니? 외할머니?
19319	49464	7	아닌데? 나는 아빠랑 결혼할건데.
19320	57546	0	무슨 소리야. 우리 유치원에서 똑같은 튤립반이잖아.        튤립반은 다 7살이고.
19321	76551	6	시크하기는. 밥은. 맛있는 거 많이 먹었어?
19322	18794	7	아~ 할라딩~ 그거 나 어릴 때도 엄청 유행했는데.
19323	40707	0	너 어디 살아! 부모님은 어디 계셔!
19324	56326	3	"여론이 어떻게 되는지 모르니까 그러지.	 말 한번 터져 나오면, 둑 무너진 듯이 쏟아질걸?"
19325	39804	3	어. 다 해준대. 이백만원에.
19326	36634	1	할머니. 할머니가 돌봤지.
19327	61861	0	이게 꼬박꼬박 말대답이네. 너 다 컸다?
19328	27759	7	진짜 돈 생각하면… 여기 빙수는… 진짜 사 먹는 우리가 도둑질하는 거나 다름 없는 거 같아.
19329	65915	0	그래도 어쩔 수 없어. 가서, 여기 아파트는 전단 금지라고 말해.
19330	472	3	떠벌리고 다녔다고?
19331	58768	4	그래서 너는, 어떻게 하고 싶은데? 지금 얘기하는 걸로는         마음이 좀, 한 쪽으로 치우친 것 같은데?
19332	10228	0	참외? 너 진짜 과장이 심하다.
19333	11108	0	너 아빠한테 말버릇이 그게 뭐야?
19334	8190	6	나쁘진 않은 곳이었는데, 저랑은 좀 맞지 않았던 것 같아요. 제가 다닐 땐 경력직보다는 신입을 더 선호하는 분위기였어요.  어디 다니셨어요?
19335	77383	6	왜 엄마한테 말 안했어?
19336	4035	6	그니까. 거기 요도르 같은 우락부락한 사람이 있었어봐 자동으로 분노조절이 됐을텐데
19337	54348	2	 아니 그건 그러지 말고. 엄마한테 말했다고 선생님이 나 더 싫어하면 어떡해. 나는 선생님 좋단 말이야.
19338	60665	3	그래서, 오빠가 좋아하던 민정이 언니는 어떻게 됐는데?
19339	13112	4	그러니까.. 전문적으로 배웠으면 좋았을텐데..
19340	8627	7	말도 안돼 진짜~ 나 진짜 괜찮아 할머니~
19341	39741	4	어머, 됐어요.
19342	28894	1	엄청 오래 됐지..
19343	30647	7	근데 말이야, 나 사실.. 술 마셔봤다?
19344	46216	1	알았어. 뭐 사지? 할머니 뭐 드리면 좋아하실까?
19345	44919	0	제수씨 임신했다고 엄마도 안 도와드리고, 제사도 늦게 오고. 제사 준비도 안 하고.
19346	16671	1	사람들이 욕해. 요새 환갑 잔치 차려 먹으면.
19347	53435	6	"망하는 배에 다같이 침몰하는 것보다 그냥 배를 버리고 탈출하는 게 낫죠.	 있던 기계랑 집이랑 팔아서, 빚은 다 갚았어요.  다행이죠. 그나마 뭐라도 있을 때 망해서."
19348	46847	2	그래야 되나? 아…. 평소에는 약이면 되긴 했는데. 면역 생긴건가?
19349	49359	7	할아버지. 괜찮으세요?
19350	54405	6	 다닐만 해요.
19351	48482	7	네 진짜 맛있어요. 짬뽕도 맛있고, 다른 것도 맛있고.
19352	54891	6	그런 게 아니라. 니가 워낙에 거짓말을 많이 치니까.
19353	37963	2	사장님… 저… 기억 하시나요?
19354	25792	3	아무렴 감자튀김보다 높겠어? 거기에 탄산음료까지 마시는데?
19355	27991	3	그럴 거 까지는 없고… 내일 내가 일 끝나고 와서, 우성이 아저씨네 가게 찾아가 볼게.
19356	10917	7	 자.
19357	37446	3	니가 뭘 참아?! 니가 뭘 참는데?! 니가 나한테! 내 딸한테! 내 아들한테! 사과 해야지!
19358	67689	4	 아니 그건 아니고.
19359	77846	6	"뭐 어때. 좀 쉴 수도 있지.  	근데 여기 학교는 애들 많아?"
19360	41244	2	김기주는 없는데… 김경주 아니야?
19361	21230	1	나도 좋아하지.
19362	12259	1	나 한번 믿어봐. 그 위에 그냥 한 번 걸쳐봐요. 자.
19363	34205	1	이제 문제도 다 해결이 되었으니까. 학원가서 공부 좀 더 하자. 어때?
19364	16060	1	믹스커피 한 잔도, 사 먹으면 천원인데…
19365	59202	2	아니. 저번에 비올 때 보니까, 배가 잔뜩 부르더라고.         임신한 거 같아서 병원 데리고 갔지요.
19366	15014	3	저는 항상 혼나는 기분이었는데요, 선배랑 싸울 때면.
19367	49047	7	아이고 내가 80 평생 살면서 이렇게 더운 적이 처음이야. 내가 자식들이 에어컨을 놔줘도 전기세가 아까워서 한 번을 틀지를 않았거든.
19368	42667	4	자기야 오늘 우리 사먹자.
19369	24721	3	와... 이래서 내가 집에 자주 안 오는 거야. 오면 뭐 좋은 소리를 듣기를 해. 오다가 다치기나 하고.
19370	15712	4	그럼… 시급은 어느 정도로 생각하고 계시나요?
19371	61132	0	지호, 얼른 연습을 해야, 확인받고 집에 가지.
19372	50712	0	아 진짜 까다로운 자식. 어디서 이런 자식이 나왔나?
19373	28154	7	와. 오랜만에 영화 진짜 재밌게 봤다. 엄마는 어땠어?
19374	39	3	어. 너 안 씻었냐? 아니면 방귀 뀐 거야? 아휴, 진짜 독하다.
19375	41585	4	사실… 주고 싶은 게 없어. 기념일 챙기는 것 때문에 너무 스트레스 받아서 차라리 헤어지고 싶어.
19376	37581	0	그니까 왜 덤비세요 덤비길? 제가 말 잘 하는거 처음 아셨어요?
19377	63490	4	그런 일이 있었어? 세진이가 많이 속상했겠다.
19378	34682	4	제발… 내가 이렇게 싹싹 빌게.
19379	35828	3	아 그냥 써~ 어떻게든 켜봐. 아, 그냥 써~
19380	188	6	아 머리 아파. 아 나 지금 진짜 죽을 거 같아. 아… 아…
19381	8815	7	응. 이마에 맺힌 땀방울까지 볼 수 있게.
19382	41939	4	나는 아직도 건승이 못 잊었는데 우리 엄마 아빠는 벌써부터 선을 보래.
19383	49236	7	네에. 아이스 아메리카노 큰거 하나.
19384	53724	6	에이. 막걸리마다 맛이 다 다른데요. 와인도 그렇고.
19385	19598	7	지영씨도 여차하면 얘기해!
19386	1873	7	내일 퇴근길에 마트 들러야 하는데, 그 때 까먹지 말고 사야지.
19387	38583	5	돈으로 해결하신다고요?
19388	31012	3	에휴, 어른들부터 잘 해야되는데. 애들이 뭘 보고 배우겠어…
19389	79132	6	그래? 고생했네.
19390	53635	3	어휴 애들이 그걸 잘 지켜요?
19391	69706	4	저도 선풍기 너무 갖고 싶은데…        엄마가 안 사줘서요. 그래서 훔쳤어요.
19392	76659	6	웃지마. 나는 심각하단 말이야.
19393	64043	4	벌써 시간이 그렇게 됐나?
19394	4905	4	아니, 영재엄마 혼자 집에 있으려면 적적하지 않아요? 나도 그래서.
19395	57081	6	흐익! 또 뽀뽀한다.
19396	76913	6	그럼 내가 싫다고 하면, 엄마랑 헤어질 거에요?
19397	73671	7	"	뭐야. 뭘 이렇게 빤히 봐. 내 얼굴에 뭐 묻었어?"
19398	73503	7	아니야. 나도 맛있게 먹었어.
19399	45535	0	아니, 심부름 값은.
19400	44720	1	 그냥 타지 살이 외롭고 힘들었다고 해.
19401	40391	2	그런데요 목사님… 제가 다른 신들에게 노여움을 사면 어쩌죠?
19402	74477	6	그냥.
19403	33801	4	예.. 교수님 힘드셨던 거.. 누구보다 제가 제일 잘 알아요.
19404	63942	5	슈퍼는 어디에요?
19405	19326	3	에이... 선배가 소개팅 해주면 선배 같은 남자 나오는거 아니에요?
19406	51759	5	응?
19407	26155	1	누나는… 성격이 불 같아서 안돼. 누나는 유도 다녀야 돼. 덕진이가 게임하는 거 보고 있으니까. 바둑도 잘 둘 거 같아.
19408	55958	7	분산투자 하면 돼. 그리고 처음에는 조금만 해보고.
19409	76062	2	선생님… 제발 부탁인데, 엄마한테 저 빠졌다고 말 안하면 안돼요? 앞으로 잘 나올게요.
19410	1928	7	아아, 그러셨구나. 어쩐지 안 보이셔서요, 무슨 일 있으신가 했네요.
19411	63134	5	벌써 뽀뽀를 했어? 누구랑!
19412	55002	7	뭘 또 그냥저냥해. 너 정도면 잘하는거지.
19413	46104	2	아니, 그래도 이건 너무 한 거 같은데. 불안한 거 아니에요? 여기 바퀴벌레도 있나봐요?
19414	35815	0	세훈아..! 너 대체 왜 그래? 아빠가 너를 진짜 잘 못 키웠나 보구나…
19415	67672	2	왜 그러냐?
19416	40386	5	무슨 고민으로 저를 찾아오셨나요?
19417	72116	7	네, 감사합니다.
19418	45852	4	아빠가 요즘 담임 하고 계시잖아. 할 일이 많으시대. 우리끼리 밥 먹어야겠다.
19419	65909	0	학생, 거기서 뭐해?
19420	13170	4	결혼 생활이라는게 참 어렵더라.
19421	12123	0	나? 나 담배 피우냐고? 아니야!
19422	59085	0	뭐야? 그랬어?
19423	4683	4	저 오늘 친구 결혼식 때문에 지방에서 올라왔거든요
19424	37664	4	그래서 일단은 어른들 선에서 해결하도록 노력하는게 좋아요.
19425	5952	4	요샌 시트콤이 주던 재미를 인터넷 방송에서 찾는 연령층이 늘은 탓도 있는 거 같고요.
19426	5988	4	제대로 된 의사면 TV에 맨날 나올 리가 없지. 돌팔이야.
19427	59250	4	그래. 김씨가 매일같이 동네 산책하고 그랬지.
19428	47597	2	그것도 거의 막노동 아니에요?
19429	63938	5	저, 여기 콩나물 있어요?
19430	8268	6	하, 글쎄. 아무것도 없었어. 나 왜 이렇게 살아온 걸까? 한심하네.
19431	68133	4	알았어 알았어.         우리 결혼이 이렇게 끝나가네.
19432	28105	3	점점 빨라져. 점점…
19433	50780	0	여기 테이블에 제 컵 있잖아요. 제 자리인데.
19434	74497	6	일단 학교는 휴학하고. 애 낳은 다음에 복학하려고.
19435	74709	3	"와 냄새 진짜 죽인다. 	대체 이거 뭐가 어떻게 맛있는거지?"
19436	33239	3	쳐먹기나 할 줄 알지. 니가 뭘 채워 넣는 법이 있냐?
19437	76785	2	아…그게…제가요….
19438	46363	2	이번에.. 엄마가 치과에 다녀 왔는데, 여기 이빨 이거 새로 해야된대.
19439	11826	1	응. 누나가 다 해줄테니까. 얼른 병원 가 봐.
19440	44658	1	뭐하려고 해요?
19441	56552	6	에고 뭐 덥다고 벌써 나와.
19442	8579	7	응 좋아! 나는 진짜 시험은 싫은데 시험 끝나고 나서가 너무 좋아 짜릿해
19443	3134	3	그래서?
19444	16726	1	응. 안하던 운동을 갑자기 해서 그랬는지, 몸이 놀랐나 봐.
19445	16007	1	미안.
19446	42379	3	이해 못 하는게 아니라… 니가 이렇게 일방적으로 결정해서 통보하면, 나는 어떡해?
19447	41646	2	사이비들이 너 개인정보 다 털어서 너 스토킹했다는 거잖아. 마, 마냥 재미있지는 않은데?
19448	18508	7	고모, 우리도 강아지 기르면 안돼?
19449	49655	5	여기 목 뒤에!
19450	36951	4	그게.. 되는거야..? 그건 좀 원래 타고나는거야..
19451	44043	5	아…. 그 정도는 해야 장편을 찍는군요.
19452	39844	0	천대는 무슨 천대야.
19453	45458	5	그 사람들은 왜 결혼을 안 한대?
19454	63982	5	하관이요?
19455	42040	3	똑바로 일하시라구요! 똑! 바! 로!
19456	31806	1	그니까. 아니 근데.. 삼촌은 언제 우리도 모르는 사이에 집에 와 있었던 거야?
19457	14717	1	없을 수도 있으니까. 데워서 가자.
19458	45675	2	 아. 잘못했어요 선생님.  다음부터 열심히 해 올게요!
19459	46197	1	그럼 부산엔 얼마나 있다가 온 거야?
19460	42467	2	각도기가 어떤 말씀이신지 잘 모르겠어요..
19461	9452	6	 아 진짜 짜증나.
19462	16481	0	그래요!
19463	23980	1	그치? 직접 만들어 쓰는 거겠지?
19464	41027	2	왜 그러는데?
19465	17147	0	왜 복성이 그 녀석도 폐가 안 좋다는데 계속 피우다가 결국 폐암 걸린 거 아니냐.
19466	5132	3	 어휴, 어떡해 정말. 20층 올라오느라 진땀을 뺐어, 아주~~
19467	17232	0	언니랑 엄마는 다르잖아.
19468	49871	7	공부도 잘 하고 운동도 잘 하고 학원도 잘 가고.
19469	65896	0	전단지? 아파트에 전단지 붙이는 거 금지야. 당장 떼.
19470	78503	6	네? 싫어요.
19471	45323	0	운동을 좀 해 임마. 건강관리 안하냐?
19472	16967	1	그래? 의외네. 난 그래도 밤낮 바뀌는 거랑, 체력이 문제인 줄 알았더니.
19473	22774	1	이번에 우리 형제자매들 여행은 어디로 갈까?
19474	30703	4	할머니도 할머니 엄마 보고 싶을거 아냐..
19475	11388	0	무슨 말도 안되는 소리야… 내가 담배를 왜 피워. 아빠한테 담배 냄새 나는 거 맡는 거만도 짜증나 죽겠는데.
19476	39200	0	지금 자식이라고 했습니까?
19477	38664	2	어우, 글쎄요...
19478	67854	2	왜그래, 학생.
19479	34848	1	내가 무슨 욕심이 많다고 그래?
19480	44732	1	뭔 커뮤니티에서 랩퍼 얘기를 해? 얘 팬 카페?
19481	58746	5	다른 사람들도 좋았는데,        이모부는 딱 첫 마디 나눴는데, 이 사람이랑 결혼하고 싶더라고.
19482	24740	3	이게 대화야? 일방적으로 혼내는거지!
19483	10040	5	그럼? 나도 이 핸드폰 3년째 쓰고 있는데 .
19484	19555	7	설마... 다 날아간거야?
19485	33771	4	지난 해, 수재 문학상에서 시끄러웠던 것 기억하세요?
19486	37434	3	하…
19487	45465	4	네.
19488	53002	6	언니, 그 인간 바람 난 거 아닌가 싶어.
19489	353	6	근데 이거, 커피 맛이 왜 이래요?
19490	50695	0	무슨 하루 이틀도 아니고 공부하는데 맨날 시끄럽게 하니까 그렇지. 저 새끼 고 3때보자 내가 공부 못하게 난리 칠거야 맨날.
19491	14964	5	근데 그 오빠는 갑자기 왜?
19492	8652	6	근데 걔가 학원에서 딴 여자애랑 얘기하고 있는거야!
19493	59209	5	흑미요?
19494	51514	5	오. 채식? 갑자기 왜.
19495	30725	1	너희 아빠가 그러더라. 니가 또 사람을 때려서 병원비 물어 줘야 된다고..
19496	40607	0	너 다신 내 가게에 얼씬도 하지마! 이 근처 왔다 갔다 하지마!
19497	71952	4	…응.
19498	1840	7	그래, 내가 사올게. 맥반석 계란이랑 해서 한 사발 하자.
19499	72122	7	"나무출판사에서 나온 거 좋아요.	 제가 좋아하는 작가가 있는데, 그 사람 글씨체로 나온 거에요."
19500	15592	0	아니, 아니, 됐어. 내가 프린트 하면 되지 뭘. 바로 앞에 프린트가 있는데 뭐.
19501	63850	5	노래방?
19502	38297	0	 아니 진짜 억울하다니까.
19503	44571	1	넌 그래도 싸.
19504	43832	2	어… 이것보다는 조금 더 예쁜 걸로…
19505	14613	1	우리 아빠는 맨날 이래. 맥주 마시고. 크으…
19506	7951	6	오자 마자 했잖아.
19507	37469	0	아니… 사장님.. 여기 백반집인데… 김치찌개 된장찌개 순두부찌개… 다 안된다고 하면 저더러 뭘 먹으라는거예요…
19508	63127	5	할아버지가 아빠보다 크지 않아요?
19509	39125	2	그러시구나…
19510	21834	3	돼지우리라니… 돼지한테 실례야. 나 전에 오빠 방에서… 연필 깎고 나면 생기는 그 나무밥 알지? 그게 자꾸 밞혀서 치우랬거든? 그랬더니 오빠가 웃으면서 뭐라고 했는지 알아?
19511	40287	1	보호자님께 책 좀 가져다 달라고 하세요.
19512	28411	2	피해자는 무슨.. 웃기지 말라 그러세요.
19513	5021	4	나도. 엄마 환갑, 칠순 못 챙겨드린 게 못내 맘에 걸리더라고.
19514	44733	3	연예인 파워랭킹도 랩퍼가 훨씬 더 높은데 혼자 북한 인터넷 보는 중?
19515	35222	3	 어머, 얘. 이마가 아주 불덩이네? 너 창문 열어놓고 잤니?
19516	72310	7	" 내... 내가?	 내가 매니저를 제대로 해낼 수 있을까?	 너한테 폐가 되면 어떡해."
19517	35459	0	아 몰라, 캐묻지 마. 창피해.
19518	10675	7	딸 와봐.
19519	14624	5	밀렸어?
19520	78859	2	"아니야. 아니야. 보험금 나와서 괜찮아.  	그게...엄마가 니가 해준 호박죽이 그렇게 먹고 싶으시다네?"
19521	11559	0	뭐가 자꾸 신기한대. 나는 누나가 남자 친구 있는게 더 신기해!
19522	5555	4	요즘 내가 엄마나 아빠 폰 빌려서 하잖아..
19523	39606	5	하… 하 내가 진짜 어처구니가 없어서.
19524	35087	1	내가 형 게임하는 거 다 봤거든?
19525	60668	0	안 할거야. 나 이제 걔 안 좋아해.
19526	27446	7	삼촌 뭐해?
19527	34921	1	철봉? 몇 개나 하는데?
19528	12072	1	누나 그 알바하는 거 엄마한테 얘기 안했지?
19529	55694	7	네, 감사합니다. 과장님은 휴가 안 쓰세요?
19530	58158	2	무슨 퍼프 하나가, 다른 쿠션, 하나 가격이야? 왤케 비싸?
19531	51944	5	 에구 깜짝이야.
19532	46021	1	 아니 아직.
19533	78118	2	할머니 저기 방에, 벌레!!! 벌레!!!!!
19534	46931	2	어 근데, 오늘 나도 엄마한테 전화한다고 갖고 오고 혜지도 아까 엄마랑 통화한다고 갖고 와서 너까지 그러면 쌤이 좀 의심할 수도 있어.
19535	52727	5	그랬었나? 나는 니가 사과했던 것 같은데. 니가 갑자기 울면서 뭐라뭐라 했었는데.
19536	15488	0	그런데 어떻게 애가 그 모양 그 꼴이 됩니까? 예? 지금 애가 난리도 아니에요. 정말로, 죽을 수도 있었다고요.
19537	29417	7	이번에 준비하는 영화는 어떤 영화야?
19538	49379	5	 에? 그렇게 어리셨다고요?
19539	72355	7	"대신, 변성기가 지나고 나면,	 더 굵고 멋진 목소리가 될 거야.  갈라지지도 않고, 불안정하지도 않은 탄탄한 그런 목소리!"
19540	74468	6	정말 너무하네 엄마. 아니 할머니 이렇게 정정한데, 무슨 요양원이야.
19541	44656	4	저는 뭐, 급할 때마다. 요즘은 일자리도 잘 안 나와요.
19542	76245	6	에이~ 다음에 크면 엄마보다 훨씬 예쁜 여자 만날텐데?
19543	63827	5	라온이가? 왜 그랬을까요?
19544	45541	2	조선시대에도 그것보단 더 받았겠다. 증말. 그럼 나 이제…얼마 남은 거지?  팔십만 원에서 육백오십 원 까면…
19545	72369	2	"그 사람도 절실했겠지.  근데, 누나는 추천하고 싶지 않아...	 잃는 게 너무 많잖아."
19546	33318	1	그건… 내가 아빠가 얼마나 위대한 남잔지 몰랐을 때의 생각이고. 지금은 그렇게 생각 안해. 나… 깨우쳤어.
19547	42368	3	너 내가 태권도 배우면 그 땐 큰일 나는거야. 알아?
19548	37845	3	그렇게 뭐 죄송 할 거는 또 없어. 니 덕에, 나도 배웠지. 덕철아.
19549	75686	6	으엑.
19550	14745	1	안경? 고양이도 안경 쓰나?
19551	1546	6	아부해도 안돼.
19552	15922	1	엄마가 그러잖아.
19553	45176	4	뭐가 좋아.
19554	54104	6	그렇긴 한데. 수학도 잘 하고 싶단 말이야.
19555	55872	5	참, 승아는 이제 몇 살이지?
19556	38604	2	아 예, 어머님만 믿겠습니다.
19557	71821	2	헐. 그거 진짜 있었던 일이야?
19558	45133	1	아니. 2주에 한 번.
19559	47088	0	이 작은 바늘이 2에 가 있으면 몇시야?
19560	18427	3	그건 말하면 안돼. 꿈 사면 그때 말해 줄게.
19561	73864	2	 …그러게. 이상하네….
19562	690	6	난 가족같다고 해서 온 건데.. 내가 너무 순진했어.
19563	42863	5	하하하...
19564	51538	5	그래?
19565	62189	4	그니까. 그때까진,  엄마아빠가 지원해주는 거 불편하게 생각하지 말고,  지금 받고 나중에 갚는다, 맘 편하게 먹어.
19566	14768	0	너, 엄마한테 이르기만 해 봐라. 가만 안 둬.
19567	38955	0	그게 또 무슨 소리에요?
19568	28293	2	아빠가 괜히 그러는 거 아니잖아. 저번부터 그런 일 여러 번 있었고….
19569	47719	0	야 냉장고 다 같이 쓰는건데 거기 있으면 그냥 먹을 수도 있지. 우리가 남이냐?
19570	30293	3	야, 초딩은 태권도나 배우러 가.
19571	78332	6	"진짜요? 놀러가도 돼요? 	할아버지 집에 뭐 있어요?"
19572	57898	5	아, 엄마 어디 갔어?
19573	30682	7	엄마 말대로 형이랑 빨리 친해지고 싶어.
19574	72067	2	아 그래.. 어머님이 취소하셨구나..
19575	29782	4	누가 지금 그거 가지고 뭐라고 해?
19576	54102	6	엄마 나도 수학 학원 다닐래.
19577	54189	6	그치만 자꾸 치킨이 눈앞에 아른거린단 말이야.
19578	25605	2	맞아. 특히 에어컨은 설치도 그렇고 냉각수 충전 하는 것도 엄청 비싸잖아.
19579	12067	1	그래… 그건 그래. 나중에 대학교 오면 교수님들이 과제 베낀거 없나 프로그램으로 다 돌려봐.
19580	35921	0	아이… 진짜…. 김영민… 그만해라…
19581	57924	5	헐. 언니 나 팔로우 하고 있었어?
19582	51417	0	"행패?  와아. 내가 지금 다른 세상에 있나?	 니가 사는 세상에선 이런 걸 행패라고 부르니?"
19583	18523	4	나만 없어.
19584	56517	7	우리가 단골이니까, 국산 깨로 짜주니까 그래. 다른 방앗간들은 다 수입산 쓰더라.
19585	27706	7	걱정하지마. 엄마, 아빠 휠체어는 내가 손수 밀어 줄게…
19586	73202	7	아니야. 내가 정리 한다니까?
19587	6973	5	어어? 언제 그랬어. 저번에도 별로 안 아팠잖아.
19588	55933	7	형은. 형수한테 잘해.
19589	54879	2	너는 절대. 그런 짓 하면 안 돼? 알지?
19590	24801	2	진우네 부모님이 한번 오라시는데, 명절에 가는 게 부담이 되고 그래서.
19591	30981	4	사회가 복수를 못 해주니까.. 개인적 원한이 점점 쌓이게 되고…
19592	63013	4	"그니까요. 저가요 사귀지 말라고 그랬는데,	 벌써 남자친구 여자친구래요."
19593	21792	2	근데… 서른 전에 지원은 안될까?
19594	48316	7	어. 재밌더라.
19595	29119	2	그래서 아빠가 밤마다 귀신만날까 호랑이만날까 무서워서 방을 못 나갔어.
19596	51181	0	우리가 고생하긴 했지. 건배! 우리를 올라올 후배들을 위해서!
19597	45313	2	지우랑 현진이가 원래 친했잖아. 지우가 현진이네 놀러갔다가 딱 들킨 거지.
19598	17737	1	그럼 부려…
19599	62110	6	잘 됐어. 왜 나가서 고생하려고 해.
19600	65186	4	그렇지만. 적어도 이런 일은 일어나면 안됐는데.
19601	58842	4	아…그렇구나.
19602	11390	0	생사람 잡지 마.
19603	17719	1	진짜야... 소금이 많대.
19604	77691	6	그게 뭐야. 잘 이해가 안 돼요. 저는 슬프기만 할 것 같아요.
19605	59946	0	"그게 다 인생 경험이지.	 우리는 뭐, 그런 일 안했냐?  처음엔 다 그렇게 시작하는 거지."
19606	49221	5	그러면은 이거 경찰서에 가져다가 줘야하나?
19607	17126	0	저번에 자네가 찍은 당 때문에 나라 말아 먹을 뻔한거 몰라?
19608	45193	4	이것저것 돈이 들어가는 곳이 많았잖아.
19609	71527	7	 어. 어? 야 너도 들어올래?
19610	40431	3	덮긴 누가 덮어? 그런 거 없어.
19611	14892	1	아니 지금 오빠가 완전히 액정 다 보이게 내 쪽으로 핸드폰 들이댔잖아. 누구는 보고 싶어서 봤냐?
19612	35585	4	라이터 아빠 책상에 있어.
19613	37610	0	니가 남의 물건 함부로 손대놓고.. 뭘 잘 했다고 그래? 어?
19614	56709	6	어머~ 얘기 들어보니까 작년까지 좀 받은 엄마들 있더만~
19615	77349	6	"근데 그냥 궁금하잖아요. 	국어 잘 봤는지. 저는 국어가 제일 어려워요."
19616	15123	1	그래. 그럼 목요일 오후에 만나서 문제 풀어보자. 이 날이 8일 맞지?
19617	66061	4	저 공부 잘 못하는 거 아시잖아요.
19618	16098	1	엄마 집엔 왜?
19619	56341	7	어머니 자식 놈 덕분에, 제가 잔소리꾼이 된 거에요!
19620	57935	5	알았어. 근데, 걔는 몇 살이야?
19621	77455	6	"숙제가 너무 많아요. 힘들어요. 	 그리고 하기 싫어요."
19622	46776	5	왜. 너꺼는?
19623	56491	7	고맙네.
19624	1839	7	여기라도 오는 게 어디야~ 식혜나 먹자.
19625	19540	3	응. 난 곱슬머리인게 어릴 때 컴플렉스였거든.
19626	2572	7	 그냥 보고 가세요. 돈 안 받을 게요.
19627	53900	6	마트에서 사오면 되잖아요.
19628	31373	1	그래도… 이렇게 밝은데… 귀신이 올까?
19629	63637	5	내가 올 지 어떻게 알았어?
19630	47752	2	아니 목사님이 맨날 형 얘기 한다고. 형 교회 안 나오면 엄마 체면이 깎인다던데.
19631	56473	7	집에 있는거 먹으면 되지. 아니면 나가서 먹든가.
19632	65901	4	"그럼 아저씨도 제 마음 아시죠? 저 정말 콩이를 찾고 싶어요.      	 저한테 정말, 너무 소중한 아이에요."
19633	51475	5	 어? 그럼 나 안 나가도 돼?
19634	29771	3	이것들이…?
19635	33851	0	 당신이 먼저 끼어들어서 내 차를 들이 박았잖아!
19636	58800	4	다른 데 가도 다 똑같아.
19637	24467	2	할머니 뭐 아는 향수 있어?
19638	21709	1	그건 그래. 나도 뉴스 좀 봐야겠다.
19639	35785	0	고학년이 됐으면 더 성숙해져야지.. 친구랑 이런 일로 싸울거야..?
19640	38309	3	내가 왜 불렀는 줄 알지?
19641	4084	4	네 그렇습니다…
19642	32549	2	태풍이 오면 3-4일은 꼼짝없이 집에 있을수도 있는데.. 저정도는 사야지.니가 좀 많이 먹냐.
19643	19071	3	말도 안돼요.
19644	40836	2	아… 그런게 아니라…
19645	7770	0	왜 뭔 데.
19646	37776	0	나도 젊어.
19647	55855	5	캬. 그럼 강 팀장님은 곧 승진도 하시겠어요?
19648	38790	2	김교수도 이번에 영국 가?
19649	48801	7	 사진도 찍고 싶어요...
19650	51322	5	복도에? 복도는 공용공간 아니야? 민원 좀 넣어.
19651	1445	6	사랑싸움 하느라 이성이 마비된 애들만 나오는거 잖아 순정만화는.
19652	28998	7	짠! 놀이공원 티켓이다! 이거 자유이용권 아빠 회사로 나온건데, 아빠가 사람들이랑 가위바위보 해서 이겨서 가져온거야. 잘했지?
19653	29661	1	어. 지금 일단 그러고 있는 중이야.
19654	59373	0	그럼 대체 언제까지 숨기려고 한거냐?
19655	28102	7	창문 열어 놓으니까 이제 제법 쌀쌀하다.
19656	35980	1	네. 언제부터 운전하셨어요?
19657	76888	2	"너무 오래 걸리는데?	 사올 것도 몇 개 없어서 그냥 혼자 보냈는데, 	 무슨 일이지?"
19658	5650	4	엄마가 지금 배가 너무 아파서 병원에 갔어
19659	50972	5	저 종점까지 가는데요, 무슨 일이신데요?
19660	26740	2	사장님… 저 이번달 월급 가불좀 해주시면 안될까요? 원래 안되는 거 아는데.. 제가.. 사정이 좀 있어서요..
19661	14534	4	어. 그런 거 같아. 내가 지희랑 같이 구해주러 갔는데. 우리 둘 다 고양이 만지는거 무서워서 못 구해줬어.
19662	72579	2	그 아빠 목소리처럼 변하는 거.
19663	28530	7	그래. 나가 봐라. 근데 거기 나가려면 뭐 돈이 필요하거나 그런 거 아니야?
19664	72523	7	그래서요. 선생님이 찼어요?
19665	5737	6	유치해서 그걸 어떻게 봐
19666	7785	0	습! 어디 아저씨래!
19667	78653	6	"헐...	 근데 할아버지 왜 안자요? 	 원래 이 시간부터 자잖아요."
19668	71431	7	뭐, 나쁘지 않게 생겼단 얘기야.
19669	66123	4	"아니다. 참 참한 처자였는데, 집안이 가난하다는 	이유로 내가 반대를 했어. 	너희 아빠는 그 처자를 잡았지만, 여자는 결국 떠났지."
19670	43517	2	자기. 왜 그래.
19671	73753	2	잘 설득해야죠.
19672	58989	4	좀 됐어. 올해 초쯤.
19673	73134	7	 뭐야…. 고마워.
19674	29111	2	근데 꼭 그 소리만도 아닌게 이상한 짐승 소리 같은게 막 들리는거야.
19675	34552	4	엄마 진짜 잘못했어. 내가 진짜 입이 열 개라도 할 말이 없어. 용서해줘.
19676	5887	3	 아이스 아메리카노.
19677	41565	4	시급은 똑같이 최저시급이야. 둘 다 집에서 15분 거리이고.
19678	55929	7	그랬었어. 형수가 좀 예쁘셔야지. 형이 맨날 걱정했잖아.
19679	49745	7	네 저쪽으로 쭉 내려가면 콩나물 있어요.
19680	1753	7	여보, 우리 이번 추석 때 해외여행이나 갈까?
19681	64558	5	에프? 에프가 있어? 어쩌다가 에프가 나왔냐?
19682	36843	4	네.. 제가 원래는.. 평소에 잘 외우거든요? 근데 오늘은 이상하게 잘 안 외워져요..
19683	10709	7	그래. 봐.
19684	38514	0	예? 지금 악담하고 계신거에요?
19685	73031	7	 아 오빠아아아아. 한 번만 보여줘.       내가 이따가, 아이스크림 사올게.
19686	34492	0	아니 나는 맛있다니까? 내가 내 돈주고 사오는 건데, 너는 내가 무슨 음식 좋아하는지 한번 생각해 본 적 있어? 중학생이나 돼서 그렇게 엄마 마음을 못 헤아려?
19687	57671	5	말하라고 알려준 거 아니야?
19688	9008	6	늘 보면서 지내지만
19689	11959	4	그래. 사람을 중심으로 돌아 가야 하는 데.
19690	45647	5	 캡이요? 없는데요?
19691	65692	4	"어... 그것도 그건데....	 삼촌, 방금 여자친구한테 차였어..."
19692	10175	0	괜히 병 키우지 말고, 빨리 가.
19693	47490	2	지금! 지금! 잠깐만 나 가방만 가져올게.
19694	15175	1	아니 말꼬리 잡는 게 아니라, 니가 갑자기 우리가 친하다는 얘기를 할 정도면 뭔가 꿍꿍이가 있다는 뜻이잖아.
19695	29840	4	셋. 군대를 만기 전역했는가? 만기 전역 안 한 놈은 사람이 아니야.
19696	44212	4	어떻게 사람이 24시간 집중을 해 말이 돼? 다섯 바늘만 꿰매면 된다잖아.
19697	50002	0	몰라. 엄마는 미나 누나 편만 들고. 미워.
19698	12356	1	너무 기본적인 걸 묻나 싶어서, 망설였는데. 여쭤보길 잘한 거 같아요.
19699	49631	7	그래. 그럼 점심 때 비빔밥 먹을 사람을 모아보자.
19700	6839	4	 아니, 그런 건 아닌데, 나만 돈 못 버니까 억울해.
19701	76392	6	"노트북? 집 컴퓨터 있잖아. 	갑자기 노트북이 왜 필요해?"
19702	1517	6	어 완전 이상할 거 같아.
19703	6787	4	다 풀었는데.. 잃어버렸어요.
19704	5350	5	그 왜 상가 옆에 새로 생긴 카페도 커피가 괜찮던데?
19705	67413	4	아예 작정을 하고 나왔더라고. 나간 내가 모지리지.
19706	40011	3	신고하세요~ 저도 다 알아보고 통보한거니까요.
19707	30506	3	그럼 몸으로 때워야지. 너 여기 꼼짝말고 있어.
19708	79152	6	어! 적어도 그런 척이라도 하던가!
19709	43630	2	아니 뭐 누나 돈 버니까, 난 아직 학생이고
19710	21287	1	응. 나는 집이 엄청 가깝거든.
19711	52514	3	피지컬이 안되면 그냥 바둑이나 장기를 두세요 그럼.
19712	38476	2	제가 뭘 잘못한 게 있나요?
19713	59091	4	 아, 오늘까지만 먹고 안 먹을게.
19714	8822	3	너 지금 엄마 요리 평가하냐?
19715	59811	2	지난번보다 150원.
19716	37764	2	야. 너네 회사는 좀 어떠냐?
19717	9299	6	맛있었지?
19718	56385	6	잘 튼다니까. 그리고 요즘 별로 덥지도 않어.
19719	16751	0	그걸 어떻게 버려? 내가 얼마나 잘 끼고 다니는데.
19720	45331	0	나이를 생각해야지 예전 생각을 왜해. 너 뭐 유산균 같은 것도 안 챙겨먹지? 무조건 유산균 바로 주문해서 먹어라.
19721	42329	3	어깨가 빠져? 어디 한 번 봅시다 그 어깨! 누굴 사기꾼으로 몰아?!
19722	47093	5	곱해?
19723	35384	4	아니야 엄마, 나는 바보야. 신발이 그렇게 비싼 줄도 모르고… 그래도 신발가게 옆에 서점이 있어서…
19724	20472	1	내가 그 뒤로는 정신이 없어서 잘 기억이 안 나.
19725	50370	0	돈 좀 아껴쓰라니까.
19726	66042	0	베트남전쟁 이놈아. 너는 그것도 모르냐?
19727	11319	5	백만원? 햐, 웬만한 컴퓨터 두 대는 사겠네.
19728	42846	3	그러면 좀 낫니?
19729	55797	5	4랑...30..어 뭐야 이거 있어! 있어! 잠깐만 이거 네 개면 몇등이야?
19730	74800	6	아니, 그게 그렇게 순식간에 나갈 줄 몰랐지.
19731	58223	3	노잼이야? 처음에는 괜찮다며.
19732	54242	3	맨날맨날 발라? 손을 씻을 때마다?
19733	48023	3	아니, 너도 이제 내년이면 서른인데 결혼하고 싶은 마음은 안 드냐?
19734	46681	1	그래. 얼른 낫기나 해.
19735	52273	5	만나자마자 임신한거야?
19736	37582	0	아휴… 속이 터진다, 진짜..!
19737	42383	4	내가 뭐든 할게. 어? 시키는대로 다 할게.
19738	12377	5	적금을?
19739	14648	1	한 쪽 붙이는데 한 3분...?
19740	16448	3	어떻게 침도 안 바르고 그렇게 거짓말을 해, 무섭다… 소름 돋아.
19741	78943	6	" 	너 이혼 생각 없지?"
19742	5593	4	애구.. 미안.. 자고 가진 못 할 거 같아
19743	62247	6	응. 그래서 그 때 이후로 승아가 자기는 이제 남자 절대 안 만난다고        그렇게 노래를 부르더니, 결국 또 다른 남자 만나서 잘 사귀고 있어.
19744	52482	3	응 아니야. 엄마 지분은 있어도 니 지분은 없어. 안돼.
19745	8939	3	다른 애들은 남의 집 자식이니까 모르겠고, 너는 맨날 봐야되잖니.
19746	30447	4	네. 너무너무 배고파요. 거기다가 운동도 해야 되니까...
19747	3423	3	나는 너 일주일 다니고 때려친다에 만 원 건다.
19748	36881	1	네 그럼요. 책상 앞에서 오래 앉아 있으면 힘든 거랑 마찬가지에요..
19749	64323	0	너, 이번 학기 성적은 나왔어?
19750	67583	4	그냥 멀리서 지켜만 봤지. 하교 시간 맞춰서 나도 같이 하교하고.
19751	40162	5	그래서 좋아?
19752	49093	7	허허. 우리 집사람이랑. 너무 오래 전이라 기억이 가물가물 하네.
19753	55453	7	 아야. 야 살살 해. 아파.
19754	50344	7	그렇구나. 지호는 밖에 나가서 노는 건 재미 없어?
19755	24176	2	야, 이거 보통 일이 아니다…
19756	45700	4	그럼 병준이 배에 멍든 거에 대해서도 알고 있니?
19757	53033	5	"네. 주민이가 어머님께도 말씀을 안 드리고 출마했구나.	 어머니, 주민이가 인기가 많아요. 	 후보가 여러 명 있었는데 주민이가 거의 몰표를 받았어요."
19758	42801	5	너는?
19759	42400	2	미안해. 형한테 미리 말했어야 됐는데, 이제서야 말하게 됐어.
19760	65593	4	안 말할게. 알려줘~
19761	2701	7	 출혈로 위험할 수 있었는데, 보호자 분이 잘 지혈해주신 상태로 내원해서 다행이었습니다.
19762	10542	7	황금! 우리 황금 어딨어.
19763	9073	6	갠 그런 거 싫어해.
19764	14249	1	그래. 뭐 너 알아서 해라. 나는 그냥 양만 채워 줘도 상관 없긴 해.
19765	44599	1	행님은 언제 헤어지십니까?
19766	51722	5	그래? 근데 다른 할머니들한테서도 할머니 냄새가 나.
19767	38951	0	부끄러움을 아는 것! 수치심을 아는 것! 그거에요!
19768	58488	2	네...
19769	54915	6	아 뭘 거울을 예뻐져서 보나? 그냥 보는거지.
19770	64970	4	갑자기 혈압이 너무 낮아지셔서, 지금 입원하셨어요.        저는 아버지 짐 좀 챙기러 왔어요.
19771	77072	2	그래서, 어떻게 됐는데요?
19772	50855	0	 오른쪽 2층 상대 피 없어. 포커싱 포커싱.
19773	39806	3	철수가 그러더라, 천 만원이면 사람도 죽여준다고.
19774	38914	0	블랙박스가 뭐 필수에요? 내가 블랙박스 안 달아서 죄인입니까?
19775	12400	1	맞는 말이야.
19776	9084	5	어! 왜.
19777	11806	1	나 진짜 오늘 멋있어보여야 되는데 .
19778	63165	5	음… 태권도나 복싱 같은거?
19779	74078	7	니가 전공이 뭐였지?
19780	42016	2	진짜 죄송해요.. 저희도 될 줄 알았는데 이게 일이 이렇게 됐네요. 죄송합니다.
19781	55479	7	에이~ 착해서 좋아하는거야 예뻐서 좋아하는거야?
19782	72464	7	네. 100일이라니까요.
19783	6837	4	이모, 나도 돈 벌고 싶어.
19784	29041	7	음… 그럼 나 노트북 새로 사주면 안 돼?
19785	8482	7	나도 먹어봐도 돼?
19786	39119	4	이 동네에서 도배는 오래 하셨어요?
19787	75590	6	뭐?
19788	28829	2	아빠 왜 귀신 얘기하고 그래.. 무섭잖아..
19789	35597	4	왜 엄마랑 아빠는 즐거운 일이 없고 맨날 싸워?
19790	74534	6	그런게 중요한 게 아니야.
19791	586	3	멍청한 짓 좀 하지마.
19792	78636	2	그럼 어떡해요.  진짜 아무 때나 부르면 어떡해.
19793	53610	6	어휴. 아무튼 그 극성맞은 엄마들이 문제야. 애들이 나가서 뛰어놀고 해야지.             맨날 학원에 과외에 시험에.
19794	8588	3	내가 집에 맨날 같이 있는데 못 봤거든?
19795	9056	5	너 양평 산다고 하지 않았어?
19796	6287	3	그래도 가야 하지 않을까요?
19797	22677	2	오래되긴 했어. 한 20년?
19798	55712	7	네. 1주년...
19799	37659	4	앞으로 힘든일이 더 많을거에요... 어머님이 강해지셔야 아이도 강해질 수 있어요.. 마음 단단히 먹으셔야 해요…
19800	4729	0	그래도 일하는데 와서 이러는 건 내가 너무 불편해
19801	44374	1	축하해. 복학은 언제 해?
19802	36268	4	너무 비싸서요… 제가 지금 삼천 원 밖에 없거든요…
19803	63974	5	누구지?
19804	45481	0	아빠는 어딨는지도 몰라요. 아 어쨌든 나는 몰라요. 모른다고요.
19805	56165	7	 조용히 해 임마 아버지 거실에 계셔.
19806	9806	5	카메라는 갑자기 왜 사려고? 집에 있잖아. 카메라.
19807	58959	5	"어. 팬클럽 가입하면 무슨 사인회도 갈 수 있고, 	 응원 봉도, 준대."
19808	18633	1	그래? 그럼 내가 이모 회사 주변 맛집 리스트 만들어 줄게. 그 리스트대로만 먹어. 알았지?
19809	64290	0	"아이 참. 알았다니까. 아빠 빨리 나가요.	 나 진짜 늦게 생겼어."
19810	53404	2	제가 짰는데요. 그 저번 주에 원장쌤 보여드리고 결제 받았는데?
19811	17713	3	물냉면… 진짜 맛 없어.
19812	73185	7	니가 속상하면 싫잖아. 그래서 그래. 면 다시 삶을게.
19813	44972	0	그럴거면 밖에서 데이트 왜 하는건데?
19814	79278	2	회사는 잠깐 쉴려고.
19815	631	3	 서비스업 5년이면 이렇게 된다.
19816	47320	0	다음부터는 데려오지 마. 알았지?
19817	77859	2	평생 일만 해도 못 모을 수도 있어.
19818	75998	6	지금부터 시-작!
19819	39393	0	 왜 자꾸 거짓말하세요. 다 아는데!
19820	66464	4	아… 20프로가 더 올랐네요.
19821	30348	1	근데 너는? 너는 운동 못 하잖아.
19822	3707	4	일단 기다려 보자.
19823	70222	3	엄마한테는 숙제 했다고 했지 너?
19824	9115	6	어. 자꾸 무네.
19825	72115	7	아아, 알았어! 선생님이 있다 가져다줄게.
19826	49087	7	그래요. 전화 빨리 해야 돼. 아까 오전에 본 학생도 엄청 마음에 들어했어.
19827	45716	0	 아 어제 모기 있어가지고 4시까지 못 잤다고.
19828	46771	0	인사 좀 안 할 수도 있지.
19829	21970	2	근데 그렇게 쌌어? 안심 800 그램이 어떻게 만 오천 원 밖에 안했지?
19830	73251	7	"에이. 나 그렇게 좋은 사람 아닌데. 나 너한테만 잘해주는거야. 	내가 너 좋아하니까."
19831	29281	7	너 요즘 이튜버들 알지?
19832	2094	3	한 달 간은 자차 사용 가능하지 않아요?
19833	49066	7	이게 상황버섯 추출물이 들어간 영양제인데요. 상황버섯 추출물 뿐만이 아니고 하루에 먹어야 하는 필수 비타민이 다 포함된, 아주 편리한 제품이에요.
19834	15820	1	CCTV 달기를 진짜 잘했지 뭐... 일하는 공간 쪽으로도 다는 게 비용 문제도 그렇고 좀 찝찝했는데...
19835	59911	3	성호는 만나는 애 없대?
19836	45592	1	그냥, 그냥 그렇게 해주세요.
19837	66229	0	나 때는 사전을 달달달달 외웠어요.
19838	50704	0	알겠어.
19839	10609	7	안돼.
19840	12751	4	근데 전에 상담칼럼 보니까 나랑 똑같이 고민하는 부모가 직접 게임을 하면서 아이와 대화시간을 늘려가다보니까 게임중독이 고쳐졌다는거야.
19841	49887	7	우와, 무슨 꿈인데?
19842	48567	7	오늘 메뉴 뭔 줄 아세요?
19843	16719	1	작년에 어깨 수술을 했어? 아니, 왜?
19844	7701	0	전화도 안 받네. 이거 큰 일 났다. 야.
19845	52490	3	응 안빌려줘.
19846	46249	1	너 방 동생 공부방으로 좀 쓰게.
19847	76902	2	"아...예진씨 오면 같이 말하려고 했는데.	 응. 아저씨 오늘 나윤이한테 허락받으러 온 거야."
19848	70449	3	"하여간, 못된 거는 아주 순식간에 캐치하는구만. 	 너 그런 거 따라하지마!"
19849	16001	3	쥐? 아파트에 왠 쥐야.
19850	78414	6	"레벨이 안 맞아? 	다른 반으로 옮겨볼까?"
19851	39486	0	야 더럽게 무식하면 아가리나 여물고 있어.
19852	53676	2	맞습니다. 저도 운동 좀 해야 될텐데.
19853	18771	4	어? 이게 누구야? 이팀장이 좋아하는 우리 이모 아니야?
19854	77866	6	너 오늘 학교에서 누구랑 싸웠어?
19855	6819	4	난 가난뱅이는 되기 싫단 말이야.
19856	14510	1	왜?
19857	40056	2	죄송합니다. 교수님.
19858	38543	4	저도 이 일, 오래 못할 거 같아요. 매번.. 새우잠 자고, 밥도 제대로 못 챙겨먹고..
19859	71728	7	음… 나는 스위스가 엄청 좋았어.       내가 갔을 때, 눈이 엄청 내렸거든. 그래서 버스에 갇혀서      한참동안 앞으로 못 갔었어. 근데 그 시간이 너무 좋더라.
19860	54887	6	너 혹시 새 신발 갖고 싶어서 거짓말 치는 거 아니야?
19861	50992	0	"아니, 건조대에 올려 놨으면, 먼지 안 쌓이게 덮개를 덮어놔야지,	 그냥 공기 중에 헤벌레, 펼쳐 놓으면 되겠어 그게?"
19862	18875	7	오~ 이젠 이모한테 소리지르기 까지 할 수 있네. 너는 동시에 정말 많은 일을 할 수 있구나.. 넌 꼭 요리사가 되어야겠다!
19863	54183	6	그냥. 뭔가 따뜻하고 맛있는거.
19864	45782	5	아니.
19865	37962	0	너가 사람새끼냐?
19866	55563	6	위급상황에서 쓰라고 줬던 신용카드요?
19867	27664	3	꼴랑 그 전세자금 조금 보태 준 걸로, 지금 나 겁박하는 거야?
19868	9438	6	운명이 아닌 거지 우린.
19869	67925	6	저라고 하고 싶어서 시작했겠어요?중학생이라고 다 안 써준다잖아요.편의점에서도 퇴짜맞고.
19870	35534	4	지금도 친구 없는데 가면 친구 새로 사귄다고? 내가? 나는 중학생 되면 친구 더 없을 것 같은데.
19871	10881	7	삼촌 나 삼촌 안경 써 봐도 돼?
19872	40117	2	네?
19873	12345	1	내면의 변화가 스토리다?
19874	67084	3	야, 너가 그렇게 산다고 누가 알아준대?        그 돈 아껴서 승아 맛있는 거나 사줘.
19875	54939	7	응 그거 진짜 재밌어. 이번에 시즌 파이브 했는데 너무 재밌어 가지고 시즌 원부터 포까지 다운 받아 놨잖아.
19876	17128	0	이번에는 투표를 똑바로 해야지. 그래, 안 그래?
19877	58710	4	그건 다 좋아서 그런거잖아요.
19878	77367	6	어제 팔 때리고, 발로 차고 그랬어.
19879	34596	4	응. 이상철.
19880	11433	3	침해? 니가 학교에서 분위기 흐리면? 다른 애들 권리 침해하는거 아니야?
19881	76596	6	개꿈 아닌데. 공룡 꿈인데..!
19882	76662	2	엄마랑 결혼? 갑자기 그건 왜?
19883	19232	7	잘했다. 마음은 좀 풀렸어?
19884	50365	7	 나 돈 좀…
19885	75163	6	또 깜빡 하신거에요?
19886	75981	6	"안돼. 첫째로 니가 다칠까봐 안되고, 	 둘째로 내 킥순이가 다칠까봐 안돼."
19887	33583	4	그게 무슨 소리야?
19888	5799	4	핸드폰이 꺼져있으면 엄마도 걱정하시겠네요..
19889	67968	2	아니… 나 친구들이랑 다음 달에 여행 가기로 해서.
19890	76420	6	 선생님 공부하기 싫어요.
19891	824	6	…대학원 다녀요.
19892	74542	7	아, 네.        음 그럼 첫 질문은, 좀 가볍게 시작할까요?
19893	61296	5	뭐?
19894	5953	5	 음음 그죠.
19895	50385	0	 어쩐지 요즘 자꾸 거울을 보더라니. 너 저번에 인터넷으로 옷 잔뜩 주문한 것도 걔 때문이지? 으이그. 한참 공부할 땐데.
19896	67459	4	내가?  별로 인기 없어.
19897	13201	4	그게… 우리 세대 남자들이 그렇게 하는 법을 어디 아나? 누가 가르쳐줬어야지.
19898	9192	6	그런 사람, 진짜 있구나.
19899	36703	0	선산에 있는 동물들은 다 조상님 덕 보는 영물들이니까! 다신 그런 짓 하지 말아라.
19900	4000	4	그러게요 정말 부끄럽네요..  아 이번에 회사에서 불우 이웃 성금을 모으던데 거기에 돈을 좀 보태야 겠어요
19901	50431	3	 예예. 알~겠습니다. 다음부터 조~심하겠습니다아.
19902	48755	2	손님, 무슨 말씀을 하시는지 잘 모르겠는데요.
19903	39869	5	헐… 저는 전직 모델이라고만 알고 있었죠.
19904	9306	6	미안 미안. 열자마자 냄새가 역해서.
19905	55771	6	"그니까 너한테 부탁을 한 거 아니야. 흔적이 쉽게 남았으면 이미 나도 찾았지.	 우리 오래 볼 사이 아니었어?"
19906	1621	6	같이 늙어가는 처지? 당신은 애들 보기 부끄럽지도 않아?
19907	58854	4	아니.. 아이 원하지 않는다고 이야기 했었어.
19908	61426	5	 효진아 너 담배 폈니?
19909	50120	0	진수 그 노므자식 안 되겠구만.
19910	37008	3	언니 진짜 고인물같아..
19911	78862	6	그럼 혹시 오늘 호박죽 얘기하려고?
19912	38732	2	그래도 삼천은 너무했다..
19913	76339	6	엄마 나 유학가고 싶어.
19914	28523	3	그러게. 자기 집 깔고 앉아 있으면 앉은 자리에서 2억이 들어오는데 말이야.
19915	7809	0	성분은 똑같아. 농도가 다른거지.
19916	52987	6	그러니까. 그래서 난 다이어트해도 말 안해. 몰래 몰래 해야지.
19917	56345	6	정들어서 그렇지. 정 들어서. 그놈의 정 때문에.
19918	63904	5	지금? 너도?
19919	40456	0	머리 이상하다고 외출도 안하시면서! 마트 다녀오시게요?
19920	44246	5	아 커피 안 드시는구나. 차 드릴게요. 어떤 거 좋아하세요?
19921	79012	6	" 너 그래서 사회생활 어떻게 하냐? 	진짜 신기하다 신기해."
19922	75797	6	에이, 뭐야. 그렇게 곤란한 말도 아니네!
19923	45098	4	뭐, 시험에 붙어야 되니까. 그건 모르는 일이지. 근데 얼른 시험 붙고 결혼 하고싶다. 이 사람 아니면 안될 것 같아.
19924	13199	4	결혼해서 와이프한테 어떻게 해야할지 모르겠더라고.
19925	56410	7	 그래? 깍두기 담아놨는데.
19926	14616	5	이거보다 맛있을까?
19927	55661	6	글쎄 얘가 요즘 표정이 영 안 좋긴 했는데. 특별히 뭐 문제있다는 얘기는 못 들었는데...
19928	44492	1	 왜.
19929	5648	4	심각한 건 아닌데… 놀라지 말고.. 다 괜찮아질거니까..
19930	14740	1	고양이 양말?
19931	16548	1	그치. 요즘 60대는 40대나 체력적으로 큰 차이가 없다더라. 근데 어쩌다가 김순례님 방송을 보게 된 거야?
19932	76476	6	근데 걔가 저를 좋아해요.
19933	37830	0	고민을 해볼까 말까 물었는데, 무슨 소리를 하고 있어? 대답해봐. 내가 너네 물건 쓸지 말지, 고민을 해볼까?
19934	75490	6	근데, 그렇다고 해도, 이건 심각한 문제야.         사람을 죽인다는 건…. 보통 일이 아니야 현재야.
19935	20132	3	여기는 찻 집이 이렇게 다 방으로 되어 있잖아.
19936	45191	4	내년에. 사야지. 돈 모아야지.
19937	50693	0	아 형준이 좀 조용히 하라고 해! 맨날 노래 틀고 지랄하고 있어.
19938	39602	0	보챈다니요… 제가 원장님께 적선 받습니까? 정당하게 일해서 받는 임금인데, 어떻게 그렇게 말씀하십니까?
19939	38833	3	김 부장 덕분에 엔터 쪽도 잘 굴러가잖아.
19940	54460	5	뭔데요?
19941	50227	0	선생님은 뭘 몰라요. 전학가면 왕따 되는 거라고요. 왕따.
19942	57920	3	어우 더러워. 맨날 하는 얘기마다 왜그래?
19943	51248	5	시강 했는데 잘하던데? 어학원 경력이 있어서 그런가?
19944	32903	3	하, 천지님…? 엄마…. 제발 정신차려… 미친 사이비 종교에 빠져서 왜 이러는거야!
19945	66798	4	"당연히 속상하지요. 	 거기가, 바깥 양반이랑, 그릇장까지 하나하나 다~ 만들어서 꾸며놓은 곳인데."
19946	65647	0	삼촌 정말 너무해. 나한테는 신경도 안 써주고.
19947	52245	2	네 알겠습니다. 미리 말씀 못 드려서 죄송합니다. 다음에는 꼭 먼저 말씀 드릴게요.
19948	16018	1	90년생이 벌써 엄마가 될 나이야? 어머 세상에… 하긴! 90년생이 서른이니까.
19949	19447	7	벌써 배가 부르네요!
19950	54043	6	아니. 그거는 생리대라는 건데. 여자들이 어른이 되면 생리라는 걸 하게 되거든. 그 때 쓰는 거야.
19951	4493	4	 아 아니에요 아무것도..
19952	14703	1	당연하지. 어릴 때 커피 많이 마셔놔야 어른되서 미국 사람처럼 크는거야.
19953	74474	7	내가 엄마한테 꼭 말할게.
19954	4036	6	맞아 그런 놈들도 사람 봐가면서 성질 부리는거지
19955	40461	0	여자는 안 좋아?
19956	15107	1	아니야. 그래도, 끈질기게 풀다보면, 답이 보이게 되어 있어.
19957	36197	0	아… 아들이니까 참지… 너 너무 심한 거 아니야? 남의 신체부위 가지고 그렇게 놀리는 거 아니랬지. 그리고 그렇게 평가하고 지적질하는 것도 아주 나쁜 거야.
19958	73938	2	삼촌…. 돈 좀 있어?
19959	34738	4	응… 왠지 미안한 기분이 들었어
19960	77974	6	같은 날 태어났는데 왜 언니라고 불러야 돼요?
19961	72608	7	"어 당연히 알지. 	 오빠 쫌 불쌍하다."
19962	17109	1	자네 이야기 들었어? 세철이 말이야. 이번에 국회의원 선거에 나간다고 하더라고.
19963	64872	4	그러니까요. 장례식장은 어디서 한대요? 저희도 가봐야 하는 거 아니에요?
19964	22836	1	너 저번에 빨래한 옷 입어도 몸이 간지럽다고 했지?
19965	56264	7	전복장만 조금 드셨네. 그건 좀 입맛에 맞으셨나보네.
19966	28852	2	응, 그래서? 그랬는데?
19967	52167	5	그럼 직장 그만 두고 뭐하려고?
19968	73291	7	"네 원래 거의 안 먹어요. 일 년에 한 번? 두 번? 	정도 먹는 것 같아요."
19969	50331	7	"아고오. 태민이 키 엄청 크려나보다. 눈 깜빡하면 커 있네. 	 학교 갔다가 엄마랑 쇼핑갈까? 신발이랑 옷 좀 사러 가자."
19970	74894	6	"아... 좋네요...	 근데 앞에 상가하고 엄청 가깝게 붙어있네요?"
19971	22305	1	그건 그런 거 같아.
19972	47717	5	있으니까 먹었지.
19973	78731	6	"그치만….  그럼 왜 추석 때는 여자들만 일하고, 남자들은 일 안해요?      	왜 엄마만 일하고, 아빠는 누워서 잠만 자요?"
19974	45286	2	지금 부장님이 집안 일이 좀 있으셔서. 회사 출근도 못하셨거든요.
19975	19602	7	그래. 나 한 번 말한건 꼭 지킨다. 알지?
19976	8693	3	참나.. 너는 케잌이 그렇게 좋아?
19977	41748	2	고양이… 내가 잘 키울 수 있을까? 한 번도 키운다는 걸 진지하게 고려해본 적이 없어서 모르겠어.
19978	59168	0	내가 아줌마 아버지 같다니. 내가 이래봬도 나이가 어려.
19979	44091	4	나도 키우고 싶다..
19980	35518	3	먹고 양치 했어 안했어?
19981	50679	0	그럼 시험 끝나고 가자고 그래. 일주일 지난다고 놀이공원 안 없어지니까.
19982	29979	3	아, 나 진짜 급해요 아가씨.
19983	3384	4	 나 다음 시간 체육이야. 체육복 갈아입으러 가야 돼.
19984	74605	6	나는 배불러. 아까 너랑 같이 점심 먹었잖아.
19985	30379	1	너, 작년 여름에 엄마가 어린이 수영 캠프 보냈었잖아.
19986	75476	6	이름이… 김현재? 현재야. 이렇게 불러도 되지?
19987	49249	5	뭐 드시고 싶으세요? 이따가 장봐서 해드릴게요.
19988	74446	6	 니가 뭘 알겠니.
19989	46741	1	무슨 원피스?
19990	24415	3	너는 말해줘도 몰라.
19991	13836	3	자기보다 어리다고 바로 반말하고 그러면 안되지.
19992	5210	0	그거 근데 아주 말이 많더라구요.
19993	25195	2	나도 모르겠어.. 근데 발끝부터 찌릿찌릿하면서 아프더니 점점 올라와.. 아까는 발목.. 지금은 종아리..
19994	73275	7	계좌 알려주세요. 보내드릴게요.
19995	18243	3	누가 시켜 달랬나? 엄마가 강제로 시킨 거지!
19996	77972	6	"걔는 언니 아니에요.	 언니면 동생도 이뻐해주고 그래야되는데,	 김하경은 맨날 내꺼 뺏어가고, 괴롭히고."
19997	61417	3	쌤 기간제라면서요. 임용 통과 못해서, 지금 기간제 하시는 거, 아니에요?         저한테 이래라~ 저래라~ 하실, 자격이나 되세요?
19998	64065	4	왜 태후야? 원래 태권도 선수 되고 싶다고 하지 않았어?
19999	13583	4	그렇지... 세상은 기다려주질 않아..
20000	45118	1	벌써는. 나랑 비슷한데 뭐. 이제 결혼 할 때 됐지. 그리고 상윤이 여자친구랑 워낙에 오래 만났잖냐.
20001	31045	3	뭐 할머니 안무섭다며!
20002	38822	4	그렇게 말씀하시니까 저까지 슬퍼지잖아요.
20003	36071	1	아빠 나 이제 다 컸으니까 걱정하지 말고 나한테 다 얘기해.
20004	19069	3	에휴... 그건 어른들의 착각이죠. 내가 아는걸 선생님이 정말 다 안다고 생각하세요?
20005	37939	0	좋게 이야기 해보려 했는데… 말이 안 통하시는 분이시네. 저. 소송겁니다.
20006	45936	5	 물이요? 제가요?
20007	50869	0	아들이 보기엔 엄마가 잘못했니?             자기랑 의견이 다르면 화부터 내고 보는데 엄마가 그런 의견도 못낼 사람이야?
20008	35899	0	저는 삼촌 나이 안 까먹거든요.
20009	56128	6	그건 그렇지.  니가 집에 들어가서        잠깐 아버지랑 지낼 생각은 없냐?
20010	20787	1	그래? 무슨 숙제인데 그래?
20011	2855	7	맛있지 아빠?
20012	10785	7	나 삼촌꺼 한 입 마셔봐도 돼?
20013	63073	5	선조들이 뭔데요?
20014	37170	4	선생님이 너무 애들이 만든 것 같지 않게 만들었다고, 내 손으로 만든 게 아니라면서 혼냈어.
20015	41592	4	너, 갑자기 전학 가면서 연락도 다 무시하더니 이렇게 모르는 척 할 거야? 너랑 나랑 은희랑 셋이서 맨날 같이 다녔는데! 학원도 같이 다니고.
20016	44777	4	 아. 저 죽었어요.
20017	8555	7	여기 새로 생긴 카페래. 나 계속 와보고 싶었는데 이제 와보네
20018	63941	5	콩나물?! 그럼 여기 말고, 슈퍼에 가야되겠다.
20019	76864	2	" 어...아저씨?	 어... 그게... 아저씬...엄마 친구..야!"
20020	42331	5	와… 요새는 무슨 차에 치인 것도 아니고.. 자기가 어깨에 와서 부딪혀놓고, 그걸로 보험금을 타내려고 하는 사기도 있구나….?
20021	30191	1	응, 기억 안 나.
20022	30335	1	세연이 있잖아, 내가 좋아한다고 했던 애.
20023	55794	7	내 생일 9랑 18.
20024	65236	0	왜?
20025	57059	6	교복입은 거 보면 고등학생 같은데?
20026	73959	7	니 코 남자답게 잘 생겼어.
20027	37010	3	에휴.. 내가 언니 때문에 못살아. 빨리 시작하자 노래. 안그럼 엄마한테 들켜서 혼나.
20028	1961	3	여태 밥도 못 먹고 뭐했니?
20029	1977	7	맛있게 하려고 신경 많이 쓰거든요.
20030	53047	6	 아 진짜! 내가 못생겼어 솔직히??! 어??!
20031	39030	5	와… 진짜 그럴거 같아요.
20032	27829	3	진짜 상상이상의 고통이야. 나 요새 살도 엄청 빠졌어.
20033	11955	5	맞아 화면이 막 접히더라.
20034	46984	5	나 설거지 했는데?
20035	72131	7	그래. 고마워. 
20036	20925	1	그럼. 할머니랑 엄마랑 같은 학교, 같은 의대를 나왔지. 엄마는 할머니 딸이기도 하지만 대학교 후배이기도 해.
20037	27704	3	여자가 뭐 병수발 드는 사람이야? 이상한 소릴하고 있어.  엄마… 요즘 어디가서 그런 소리 하면 무식하단 소리 들어.
20038	36117	4	가는걸 허락하셨다고요? 저랑은 안 가는걸 허락해주셨는데…?
20039	40400	3	어머, 제가 그런가요?
20040	64544	5	아빠 돈 있어요?
20041	45612	5	 엄마가 언제. 아 진짜 무슨 일인데.
20042	39055	5	어떻게 가셨는데요...?
20043	55394	6	 여기요.
20044	36199	0	이녀석이 끝까지!! 너 진짜 나쁜거니까 하지 말라는 거지. 너 진짜 밖에 나가서 그러면 안 돼!
20045	21334	3	너 요즘 맨날 핸드폰만 보잖아.
20046	39397	3	허락 구했잖아요.
20047	51856	5	할머니 그러다 죽어요. 계속 집 없어요?
20048	22764	3	말은 잘 한다… 배가 어떻게 아픈데? 약 사다줘?
20049	71185	7	그래.
20050	11762	1	누나! 나 드디어..! 드디어..!
20051	38980	5	기타 선율이라는게… 진짜 묘해… 마법같아.
20052	50386	0	아 엄마 이렇게 잔소리할까봐 내가 얘기 못 한 거야.
20053	23111	2	정말? 너무 무섭다. 당 절대 떨어지면 안되겠다..
20054	76486	6	"말 하긴 했는데요, 	진짜 억울한데, 선생님이 저 안 믿어주는 것 같아요."
20055	76513	6	"백화점만 가면, 엄마 본 데 또 보고, 본 데 또 보고,	 갔던 데 또 가고, 또 가고- 그러잖아."
20056	41862	4	그게… 나 차 박았어.
20057	62875	4	너무 걱정하지 마세요.
20058	78995	6	 아 그런 거 아니야.
20059	47571	0	형! 형이 어제 치킨 남은 거 다 먹었어?
20060	44408	1	일단 학점관리 잘하고, 아직 3학년이면 나중에 걱정해.
20061	45350	4	어휴. 이래서 자식 키워봤자 아무짝에도 쓸모 없다니까 그냥. 
20062	28813	2	너무 무서웠어…
20063	31193	4	그러게 진짜 안타까운 일이야.. 탈의실에 CCTV를 설치할수도 없고 정말 난감한 일이지..
20064	40311	2	솔직히 너무 돈벌이 용이어서…
20065	78175	6	그게 뭐야.
20066	72534	7	"내가 한 사십 대 쯤 맞고, 걔가 한 육십 삼 대 쯤 맞았는데	 내가 또 마지막 판을 이긴 거야."
20067	9176	6	어.
20068	50514	2	그럴까요…. 전 잘 모르겠어요. 아버지는 제가 그 얘기 하려고만 해도 화내시고.
20069	49939	7	 헤헤. 감사합니다.
20070	34208	0	아 진짜 엄마!!
20071	33352	1	약이야. 먹어도 돼.
20072	21371	1	응. 나 이사 처음 가봤어.
20073	56212	7	"알았어. 요즘은 뭐 간소하게 하는 게 추세라더라. 	 결혼식 성대하게 해봤자 돈만 많이들지. 	 잘 선택했다."
20074	71993	2	그래.        오, 남산에서 본 사람이 있대.
20075	32687	1	그렇지. 거의 남이지. 사실 지나가는 사람들도 붙잡고 보면, 누구네 친척네 친척네 친척일 수 있잖아?
20076	4690	0	아빠 그러니까 내가 미리미리 사람도 부르고 관리를 해야된다고 그랬잖아!
20077	42975	2	아… 맞다…
20078	48343	7	" 이야아 선견지명이 있네! 나 츄리닝 좀 빌려줘.	  본격적으로 달려보자."
20079	64346	5	아니 아무리 그래도 결혼기념일을 까먹는다고?
20080	55113	6	"와. 죽치고 있는다고요?	 제가 여기 왜 오는 지 아세요? 자리 많아서에요.  커피 맛 드럽게 없는데, 그래서 손님이 없으니까, 눈치는 안 봐도 되겠네, 싶어서 오는 거라구요."
20081	34627	3	미안. 근데 진짜 토할거 같아. 발 다 씻고 오면 나 불러줘. 알았지?
20082	7421	0	휴.. 강인아. 그거는, 우리 집에서나 그렇게 할 수 있는 거고. 이렇게 공공장소에서는 그러면 안 돼.
20083	62170	6	"그죠? 	 자기 싫은 소리 듣기 싫어서, 남한테 다 퍼주는 스타일이거든.	 그때 워크샵도 어디로 갔다고 그랬지?"
20084	20510	1	네! 유민이네 엄마가 스파게티 만들어줘서 그거 엄청 많이 먹었어요.
20085	35499	3	너는 사랑 해봤니?
20086	39454	0	장사할 수 있겠냐? 니가 에어컨 다 뜯어 놨는데.
20087	57428	2	 안녕….
20088	78037	6	이놈아. 너 엄마한테 그렇게 말 할거야?
20089	46691	0	"아 진짜! 내가 언제 고3이라고 다 해달라 했어?	 내가 있다 치운다니까 왜 그래!"
20090	64211	5	아주 구체적이시네요.
20091	39113	4	네… 계속 월세 살다가… 이번에 대출 좀 받아서 전세로 들어왔어요.
20092	54952	7	 여기.
20093	57670	0	저번에 내가 내용 알려주고, 내 생각 조금 이야기했더니,       토론할 때 니가 홀라당 다 써먹었잖아.
20094	50990	0	"어. 대체 그릇을 뭘로 닦는 거야.	 왜 이렇게 먼지가 많아."
20095	30321	4	그러다가 선생님 안 계시면 또 혼자가 되고?
20096	74397	6	잘못하면, 까딱 죽을 수도 있단 말이야.
20097	39006	5	아무 것도 손에 안 잡히고 손주 생각밖에 안 나더라구요.
20098	7272	3	야, 니 사촌 동생한테 꼬맹이가 뭐야, 꼬맹이가. 걔 너보다 두 살 밖에 안 어린데. 꼬맹이라고 말하기도 좀 어색한 나이 아니야?
20099	23822	2	예를 들면?
20100	10643	7	방학 숙제.
20101	46449	1	코너 캔디 샤 -샤샤 예-예.
20102	76004	6	"엄마가 형, 엄청 큰 회사 다닌다고 했는데.	 삼별전자!	 형이 왜 백수야?"
20103	75602	6	에이, 과장한거지. 암튼, 그래서 은경이랑 너무 안 좋게 끝나서.       다시 만나면 나 싸대기 맞을걸?
20104	14720	1	스케치북이랑 크레파스! 가져가서 택수 그려 오자. 그리고 태블릿도 챙겨. 같이 사진도 찍고 오자.
20105	10451	7	 음… 시리얼 먹을래!
20106	6491	5	어. 누나네도 있구나 그런 사람.
20107	73723	2	어쩌냐. 그 정도면 병원에 가야 하는거 아니야?
20108	2121	7	잘 됐지 뭐. 우리 아파트가 낡아서 엘리베이터가 오래 됐잖아.
20109	76368	3	해인이가 착해? 해인이 어떤 면이 그렇게 착한데?
20110	52472	2	 죄송합니다... 진짜 잘해보겠습니다.
20111	60771	5	그래? 잠깐 뭐 사러 갔나보다.
20112	50673	3	얼마나 됐니?
20113	79213	6	아니, 술 마신 다음날은 콩나물국을 먹어줘야된다고.        안 그러면 회사에서 계속 물만 먹는다니까?
20114	21839	2	그거 장가는 제대로 가려나 몰라.
20115	77365	6	"아 누나 진짜 짜증나. 	맨날 와서 술주정 부리고 나 때리고."
20116	77978	6	맞아요. 걔는 성격이 너무 더러워!
20117	40185	5	어떤 베개지…?
20118	47003	5	뭔데? 얘기 해줘.
20119	10310	7	그렇지? 나도 젊게 살고 싶어.
20120	16821	0	그래도 이렇게 갑자기… 너무 갑작스러운데..
20121	23016	1	응. 알았어. 이따가 바로 가야겠다.
20122	50086	7	호호초밥 괜찮네.
20123	49070	7	아이고. 아버님 맞습니다 맞아요. 원 플러스 원이에요. 뿐만 아니라 한 번에 열 박스 구매시에는, 사은품으로 선풍기를 드리고 있어요.
20124	44598	1	우울할 게 뭐 있냐. 세상사 다 그런 것이지.
20125	68715	2	전도사님. 저 궁금한 게 있는데요.
20126	44595	4	행님. 저 이별 택시 탔습니다.
20127	76555	3	"어. 이모도 이제 잔뜩 먹으려구. 	 이모 이제 테이블 돌아야돼서, 가볼게."
20128	3583	3	응 여기 개판이야. 수업 시간에 대놓고 자는 애들이 절반이고, 선생들은 야구 빠따 들고 다니면서 애들 개 패듯이 팬다.
20129	76435	6	"그래?  	여기 괄호 안에 있는 부분 먼저 나눴어?"
20130	72261	7	"응! 중학교 때는 설화 오빠들 사생이었고,	 고등학교 땐 동방명주 오빠들.  대학생 땐 전남친들 따라 다니느라 사생할 시간이 없어서.."
20131	23645	1	그게 벌써… 한 오십 년 전이지?
20132	44225	5	와 진짜 얼마 안됐구나. 너무 축하해. 나는 아직 결혼 못했어. 그냥 일 하면서 지내고 있어.
20133	39882	0	어쩔꺼야!
20134	49554	5	내가? 야 내가 그래 뭐. 미남은 아니지만. 그래도 키는 크잖아.
20135	29418	7	공포 영화예요.
20136	72479	7	"몰라요. 저도 그런 거 같은데..	 저도 걔 좋아하니까, 했어요."
20137	70955	3	내가 무슨 욕을 했어.
20138	33827	0	마음 같아서는 싹 버리고 싶다니까.
20139	22520	3	에이 뭘 말려. 다 지들 하고 싶은대로 사는거지.
20140	50402	7	아빠한테 전화해봐. 언제쯤 오시나.
20141	18113	1	무슨 말이야 그게?
20142	64156	0	"안 취해?  아주 술독에 빠져서 왔더만.	 어떻게 두발로 멀쩡히 들어왔는지가 의문이라고."
20143	27471	7	응. 내가 해결할 수 있어. 걱정하지마.
20144	13704	4	그렇겠지.. 중학생만 되도 틱틱대고 그럴거야.
20145	70951	3	"알았어~ 할머니도 알고 있어요~?	 매일같이 눈칫밥 줘서, 할머니도 알고 있어요~"
20146	49288	5	어, 저희는 제육볶음을 했던 적이 없는데.
20147	34973	4	엄마는 모르지. 엄마는 게임을 안하는데.
20148	14218	0	40초면 40초지, 39초는 뭐야.
20149	43575	1	한 번 봐봐.
20150	56290	6	꼭 끌어안고 부벼대고 그래야 하냐.
20151	37945	0	뭐요? 이거 진짜 사람을 뭘로 보고… 야! 너 진짜 장사 그만하고 싶어!?
20152	64836	4	이제 진짜로 안할게요. 약속하겠습니다. 한번 만 믿어주세요.
20153	74032	7	야! 나가자. 너 장학금 받은 기념으로 삼촌이 소고기 사줄게.
20154	2674	3	안찍었다고요! 놓으세요!
20155	52409	3	 3년째? 야. 삼촌은 6년 사귄 여자도 있었어. 쪼끄만 게 결혼은 무슨.
20156	38611	5	그 전형 아니면 우리 애가 너무 힘들어요.
20157	27946	3	강매 당한거네?
20158	7907	6	 알았다고.
20159	74644	3	아휴 할머니. 제가 나이가 몇인데 벌써 결혼이에요.
20160	59764	4	그렇게 말해주니까 고맙다 정말.
20161	39802	3	나 전에 남대문 시장 골목에서 해결사 찌라시 본거 있는데. 거기 한번 가볼까봐.
20162	65760	0	아빠! 아빠, 언니한테 가방 사줬어?
20163	45466	0	보니까 한두 번 해본 솜씨가 아닌 것 같던데 몇 번째야?
20164	64705	5	아, 버스타고 다니시고…. 버스는 불편함 없으시죠?
20165	37651	4	당연하죠. 잘 오셨어요.. 제가 그러라고 있는 사람인걸요..
20166	14307	1	안돼! 오늘 빠진 것 까지 해서 내일 백 육십 장 그려와! 너 계약서대로 안하면, 니가 나한테 매일 만 원씩 줘야 해!
20167	73646	2	좋은 점은, 이제 상대방을 아주 잘 안다는 것?
20168	55861	5	예. 그 날 새벽 네 시에 깨셨대요.
20169	14787	5	뭐? 아, 배불러 죽겠는데 갑자기 무슨 외식이야.
20170	50784	0	저 그럼 자리 비켜 주시겠어요?
20171	9994	5	그래서 장례식 갔다 오는구나?
20172	74491	2	나는 낳고 싶어.
20173	73019	7	나 원래 멋있어. 몰랐냐?
20174	72054	7	 네...
20175	39084	4	선생님이 뭘 모르셔서 그렇지~ 2012년식이면 진짜 현역이에요 현역!
20176	62640	4	그래. 기억 하는게 중요한 거지 뭘.
20177	69774	4	그럼 너무 슬플 것 같은데...        아저씨는 슬퍼서 어떻게 했어요?
20178	52922	5	 이렇게 사적인 질문 훅 들어오기 있어?   왜. 전세면 우리집 사려고?
20179	55127	6	열 여덟인데 어쩌시려구요.
20180	38596	4	교실에 디지털 설비 갖추는 부분까지는 부족하네요.
20181	37948	0	그래 내려봐. 이 자식아!
20182	9616	5	니가? 나 그런 말 못 들었는데… 웬 성경캠프야 니가?
20183	44887	3	사장님 사촌동생 김이사. 라인을 잘 탄거지.
20184	48944	7	식사도 잘 하시고요?
20185	38026	0	그걸 몰라서 묻겠냐? 장난치지 말고! 너, 브이로그 내가 다 봤다.
20186	28863	1	없는데.. 어른들은 여름에 공포영화를 본다며?
20187	64284	4	그래도 호박에 줄이라도 열심히 그어 보아야죠.
20188	57979	0	엄마가? 우와…. 진짜 배신감 든다.
20189	31868	3	죽일테면 죽여봐! 내가 싫다고 할 때는 웃으면서 괴롭히더니. 꼴좋다!
20190	55826	6	복권을 거실에 놓고 다니냐.
20191	26363	1	거짓말하는 거요.
20192	59506	2	이제부터라도 고급으로 해 드릴거에요.
20193	49838	0	 왜.
20194	31994	3	쪼그만게 무슨 농구야. 그런건 날라리나 하는거야.
20195	54257	6	그래? 민정이가 관리 잘 해주나 보네. 근데 그거 톱밥 같은거, 자주 안 갈아주면 엄청 냄새 나.
20196	51745	5	 아니요! 안돼요. 포포는 낯선 사람 보면 짖어요.
20197	57201	5	없어요?
20198	14590	1	그래서 괜찮아.
20199	8076	7	작년 봄이면 내가 주재원 나가 있을 시기였구나.  그래... 윤아 학교 다닐 때 참 예뻤지.
20200	38700	5	어머.. 나는 그런 줄 아예 몰랐지.
20201	78827	2	오빠네 어머님 아버님은 잘 지내시고?
20202	28846	2	그랬는데?
20203	15941	1	참 주방에 고양이 사료 있더라.
20204	9209	6	앞으로 잉어찜 질리게 먹게 될거다.
20205	9253	6	 짜증나.
20206	40619	0	니가 처음에 사과 한 마디만 했어도 이런 일은 없었잖아?
20207	53398	2	그래도 어떻게 안 될까? 너는 내 꺼 봤지? 혹시 뭐 기억이 남는 평가나 그런거 없었어?
20208	52793	2	 아휴. 고민이네. 어떡하나. 요즘에 영어는 다 하고 학교 가야 된다고 그래서. 우리 율희만 뒤처지는 거 아닌가 무섭네요.
20209	52174	5	무슨 말이야 그게. 이삼 년이나?
20210	63438	5	왜요? 왜 안 사랑한대요?
20211	18775	4	왜~ 사람이 사람 좋아한다는데~
20212	64755	0	기분탓이에요, 기분탓. 왜 아들말을 안믿고 그 사기꾼 놈 말을 믿어요?
20213	21926	3	냉동 만두는 차가운데 있다가 찜통에 들어가잖아? 한국인도 똑같다는 거지.  에어컨 바람 쐬다가 찜통 더위에 속수무책으로 노출되니까…
20214	25292	2	우리 집이 유난히 몸에 열이 많잖아. 음식도 어릴 때부터 얼마나 가려 먹었다고. 뭐 잘 못 먹기라도 하면 얼굴에 빨간게 올라올 정도였어. 우리 아버지가 그러셨대.
20215	24270	1	오… 그렇구나. 얼른 한파가 왔음 좋겠어.
20216	6930	4	한자... 배우긴 했는데 잘 몰라. 아직은 아주 조금밖에 안 배우기도 했고 까먹어서.
20217	72035	2	나도 같이 갔었어. 그 사람들 우주선에.
20218	33097	1	너 알바하는데 가면 되지! 니가 알바하는데 찾아오지 말라고 해서, 한번도 못 가봤는데.
20219	5532	0	몇 분 더 자는 게 뭐가 중요해요~
20220	3374	4	한 과목 더 쳤으면 엉덩이랑 의자랑 들러붙을 뻔. 진짜 체력 싸움이네 이거.
20221	11821	1	그러게 너무 고통스럽다...
20222	74313	7	아닙니다. 이왕 전공 살려서 그 쪽에서 일하게 된다면 좋을 것 같습니다.
20223	77387	6	"아무리 혼나는 게 무서워도 그렇지, 	다른 애들 다 실내화 신고 다니는데, 	너만 맨발로 다니면 어떡해?"
20224	79145	6	"그래! 돈 번다고 티 좀 내봤다! 	 왜! 그러면 안되냐?"
20225	72722	2	그래 오빠. 너네 오빠가 이성빈 선배야?
20226	44903	5	 그 쪽도?
20227	16637	4	네. 선생님도 그렇고. 대학을 서울로 오게 되면서 같이 상경한 절친한 친구가 있었는데요. 그 친구가 젊은 나이에 사고를 당해서…
20228	34931	1	그럼 좋은거야?
20229	56161	6	그랬었어. 지우도 한 2살 때까지는 지 엄마랑 똑같이 생겼었잖아.
20230	59427	2	네? 엄마가요? 대체 누구랑요?
20231	29886	7	어느새 이렇게 다 컸냐, 우리 딸.
20232	78138	6	"가자 가.	 가서 얼른 잡아버려야지, 시끄러워 살 수가 없다.	 "
20233	65461	0	왜 그랬어. 지은이 때리면 안 된다고 했어 안 했어?
20234	5109	5	천만원? 나 대출 이자 갚아야 해서 천만원까지는 힘들 것 같은데.
20235	75515	6	이상하네요… 분명히 봤는데.
20236	58069	5	아 진짜? 언제?
20237	68316	3	"어? 졸업할 때까지 있으려구? 아직 이년이나 더 남은 거 아니야?	 얘야, 염치가 있어야지. 이만큼 키워줬으면 됐지. 언제까지 아빠 돈 빼먹고 살거니."
20238	25249	1	아니 경비아저씨가 경비실에 갈 때마다 안 계시네?
20239	53412	6	아니죠. 그러면 리딩 위주로 커리큘럼을 다시 짤까요?
20240	9436	6	오빠랑 난, 디저트 취향이 너무 안 맞아.
20241	44773	1	여기 와이파이가 좀 이상해서 그래요.
20242	71905	4	내가 미안해.
20243	3708	4	너무 걱정하지는 말자. 알아서들 들어오시겠지.
20244	62219	6	아 왜. 나 못 믿어?
20245	53341	6	그런가? 그래서 카페가 많아졌구만. 하여튼 서울 진짜 빨리 변해. 따라가지를 못 하겠어.
20246	45610	5	집에서 보면 되잖아. 나 금방 끝나는데?  근데, 엄마 오늘 엄청 예쁘게 입었네? 화장도 했어?
20247	45324	4	내가 배가 나올 줄은 진짜 상상도 못했다.
20248	38849	2	죄송합니다.. 제 선에서 처리하겠습니다.
20249	59643	4	그것도 다 그 사람 복이지 어쩌겠냐.
20250	58625	2	 그…그럼 어떻게 해야 하나요?
20251	74146	3	뭘 알아보고 있는데?
20252	44926	0	연수는 내 가족 아니야?
20253	35086	0	퇴근해서 내가 노냐? 맨날 대본 쓰고, 수정하고, 재확인하고. 얼마나 바쁜 줄 알아?
20254	5846	4	응.. 그래서 애들 오분 십분 지나니까 막 울고 그랬어
20255	71801	2	 그래서?
20256	41347	2	아… 이상하다. 진짜 그럴 리가 없는데.
20257	10286	7	그래. 그럼 켜고 끄는거랑 동영상 보는 법 가르쳐줘.
20258	11445	1	나는 옛날에 수업 듣는거 진짜 좋아했는데..
20259	13061	1	난 확실히 안 들어왔어. 확인 다 해봤어.
20260	58729	5	뭐야, 이렇게 한창 땐데, 아직 남자친구가 없어? 일을 너무 많이 하는 거 아니야?
20261	54073	6	우리집 돈 없어?
20262	45579	4	 너한테 말 못하는 엄마 아빠 나름의 사정도 있어.  어쨌든 이사 가기로 결정됐고,  그렇게 알고 너는 신경쓰지 말고 공부에 집중해.  엄마가 학교랑 학원이랑 알아볼게.
20263	6838	5	응? 왜 갑자기 돈을 번다고 그래. 돈 필요한 일이 있어?
20264	59503	5	돈이 있냐?
20265	25241	1	요점? 뭐가 요점인데 그럼?
20266	5214	0	그래. 탤런트 한 사람이 자기 살던 아파트에서 그런 경우가 있었다잖아.
20267	10641	7	숙제.
20268	68672	2	선생님… 저 방 옮기면 안될까요?
20269	59890	4	귀엽네. 요즘 TV에 나오는... 그 뭐야, 케빈?  걔네보다 훨씬 귀엽네, 유정이 아들이.
20270	63829	5	그랬구나. 아무리 게임에 져도, 친구 머리를 때리면 안 되지.
20271	76327	2	너 입양했잖아.
20272	18976	3	이거 보세요... 이게 제가 학교가 싫은 이유 중 하나에요.
20273	14279	1	흠…그럼 어떡하지?
20274	22762	3	너 살 뺀다더니 순 거짓말이구나.
20275	11750	1	왜 다행이야?
20276	21223	1	응... 5반 애들이랑 축구 하기로 약속했거든.
20277	78370	6	시간이 지나면 괜찮아져요?
20278	11874	5	너 저번에도 샀잖아.
20279	14812	5	오빠. 오빠네 학교도 수강신청 빡세?
20280	77876	6	"잘했어. 앞으로도 누가 이상한 소리 하면 	가서 그냥 냅다 패버려. 뒷 걱정은 하지 말고. 	할머니가 처리할게."
20281	73077	7	응. 완전 귀엽지 않아?
20282	52813	5	네?
20283	77327	6	그거 저 아닌데요?
20284	46966	3	잘려야 되는거 아니야? 미성년자한테 미쳤나.
20285	33350	1	약이야 약.
20286	55650	6	청장님 지시사항이다. 유흥업소 일제단속 할거야. 언론들도 많이 붙을 것 같으니까 정신 바짝 차리고.
20287	64076	4	"이럴 때는 어떻게 해야돼요? 	사범님은 계속 태권도가 하고 싶었어요?"
20288	10614	7	알았어. 사줄게.
20289	16444	0	그 아줌마 웃기다. 왜 숙자 아줌마인 척해?
20290	18579	4	그럼 누나한테 많이 물어봐.
20291	58775	4	나는 가정을 꾸리고 싶기는 하단 말이야. 애도 갖고 싶고.        안정적으로 살고 싶어.
20292	63806	5	그래.. 좋겠다.
20293	56781	6	그래. 누구 하나 큰 병 안 걸리고. 그거면 됐지.
20294	25887	3	어지러워?
20295	19498	7	아니야~ 왜 지영씨한테 내가 부담을 주겠어.근데… 내 생일 알지?
20296	15166	4	네, 죄송해요.. 선생님.
20297	72344	7	난 어느 방향으로든  좋아!
20298	59927	4	왜 이렇게 우울해?
20299	44253	1	케잌이랑 빵 엄청 좋아해요. 빙수도 좋아하고. 단 음료도 좋고. 마카롱도 좋고. 
20300	57082	3	왜 그래. 너는 안 해본 것처럼.
20301	40884	2	그럼 계좌 이체 할래? 계좌 번호 알려줄까?
20302	53200	5	밥은 어떻게 먹었대?
20303	64228	5	"뭔 소리야 그건 또. 생기면 생긴 거고, 아니면 아닌 거지.	 그렇고 또 아닌 건, 무슨 뜻이야 대체?"
20304	37343	0	뭐…? 너 니네 엄마가 그렇게 키웠니?
20305	45621	0	 야!   아직 안 갔다왔어. 노총각이야.
20306	25538	2	예전에 어른들이 깜빡 깜빡 하면 왜 저럴까 싶은 생각도 있었는데.. 이젠 내가 그렇게 된 것 같아서 무서울 때도 있어..
20307	8982	3	 내가 벗을 순 없잖아?
20308	51180	0	아니, 야. 우리 정도면 이미 많이 올라온거지. 어? 그 아저씨들 사이에서 우리가 이렇게 꿋꿋하게 버텨서 동기가 너랑 나랑 요로케 딱, 둘이만 남았는데. 우리 고생 많이 했다 야. 건배 건배 
20309	75713	6	암튼, 우리 누나 감당할려면 형이 좀 힘들거에요.
20310	64531	4	어제 아빠가 생각을 좀 해봤는데.
20311	60776	5	어? 오빠 휴대폰 제 거랑 같은 거네요.
20312	35170	1	형… 버섯이 어떻게 새끼치는지 알아?
20313	18927	7	여름이라 시원한게 땡기나보다.
20314	39067	2	어… 뭐가요…?
20315	65505	4	나 핸드폰 바꿔주면 안돼?
20316	62212	6	어쭈, 이제 독립해서 나갔다고, 엄마 잔소리도 듣기 싫어?
20317	39229	4	그렇지.. 이 차에 이 엔진이면… 가끔씩 뻥뻥 달려줘야 하는데.. 흡기도.. 안 좋은거 같고..
20318	57105	3	어휴. 이제 재인이가 혼자도 아니고, 우리 도준이 빨래 하고,        요리도 하고 그러려면…. 그 정도는 할 수 있겠지요?
20319	54610	2	8시간이요.
20320	38412	0	네, 그랬더니 고객 전화를 끊으면 어떡하냐면서, 시말서를 쓰라고요. 나 참.. 누군 그러고 싶어서 그러나요?
20321	16521	1	나처럼 주는 데로 잘 먹는 사람도 없어.
20322	79046	2	" 아.. 그래요?	 그럼...저희도 들어갈까요?"
20323	64848	4	선생님은 맨날 농사 짓지 말라고 그래. 그러니까 여기 오기가 싫어요.
20324	75419	2	"아마.. 내일쯤...	 내일 오전 중으로 데스크에 올려두겠습니다...!"
20325	64496	5	응. 엄마가 거기서 주는 미역국 엄청 좋아했잖아.
20326	59848	4	그럼 괜찮은 수목장, 서울 근교에 있는 지 한 번 알아볼게.
20327	10133	0	중국이 뭐 해외야 코앞이지.
20328	44734	3	야. 동아리 단톡방에 한번 물어볼래?
20329	49297	5	그래라. 우현아!
20330	21826	1	...무슨 차이지?
20331	47806	5	라면 끓여먹게?
20332	44262	4	하나만.
20333	16204	1	손뼉도 마주쳐야 소리 난다고, 엄마도 비꼬는 거 장난 아니잖아. 내가 보기엔, 엄마가 더했지, 덜하진 않았을 거 같아.
20334	40268	1	사실 그 분이, 사장님 동생이래.
20335	26413	2	아… 그럼… 알았어요. 대신, 드론 꼭 사주셔야 해요.
20336	41571	4	그래도… 마주치면 둘 다 곤란하잖아. 여태까지 잘 피해다니다가 마주치면 너무 머쓱할 것 같아.
20337	45119	5	형이 빨리 한거고. 형처럼 빨리 결혼하는 사람이 어딨냐?
20338	21815	3	안돼. 경차는.
20339	53079	5	결혼 안 하는 거에 대해서?
20340	53012	6	그래도 될라나? 그건 좀 추하지 않을까? 뭔가 아침 막장드라마 같잖아.
20341	48753	2	저거 어떤거요? 담배 드릴까요?
20342	35522	4	벌써 그런 걸 정해야 돼?
20343	15653	1	네. 신고는 아무도 안 한 것 같길래 제가 경찰이랑 119에 신고한 거예요. 119에 먼저 하고 경찰에 나중에 하고…
20344	78829	2	사 년이나 지났는데 아직도?
20345	48991	7	 받어 받어. 공부 열심히 하고.
20346	38016	0	잠깐만 잠깐만. 나 지금 너가 무슨 소리 하는지 못 따라 가겠어.
20347	64542	5	엄마 몰래 주신다고요?
20348	30419	7	원호 선배님도 인기 많은데, 솔직히 형이 더 인기 많아요.
20349	40204	5	그렇죠? 이거 제 옷에서 나왔거든요. 그저께 먹은 갈비 냄새 아직도 난다구요. 아저씨. 세탁 안 하셨지요?
20350	73633	7	"	아니. 너랑 노는 게 더 재밌어."
20351	25676	1	당신 젊을 때부터 운동 하는 거 되게 좋아했잖아. 달리기도 좋아하고.
20352	36241	4	지혜 같이 똑똑한 학생들은 기회만 잘 따라준다면 참 큰 일을 할 재목인데, 양평엔 좀처럼 그런 기회가 없으니까.
20353	49051	7	그치. 그렇겠지. 아무튼 고마워요 젊은 양반이 아주 똑부러지네.
20354	56800	5	갸가 아직 70대여?
20355	14538	5	어디서?
20356	77266	6	게장이요.
20357	43652	1	아 잠시만요.
20358	33744	3	그래. 교수한테 이런 식으로 접대하면 안돼.
20359	73830	2	 뭐라는 겁니까 지금…! 얼른 회개하고 잘못을 고하세요!
20360	3444	3	뭘 그렇게 실실 쪼개고 있냐?
20361	17148	1	담배가 참 요물이야. 끊는다, 끊는다 하면서도 계속 피우게 되니까.
20362	11823	1	아… 나 오늘까지 내야 되는 숙제 있는데… 지금 빨리 해야 되는데...
20363	5469	5	 주사….?
20364	54227	6	치. 맨날 못생겼다 그러면서.
20365	39274	1	아저씨! 이번에 은하수 15가 공짜에요!
20366	72071	2	친구들이 너무 바빴던 게 아닐까..?
20367	51296	5	 언니, 요즘 우리 아파트 집값 어떻게 돼요?
20368	26551	2	가만히 있어.. 신고도 하지 말고… 내가 다 알아서 처리할 테니까.
20369	14245	5	왜?
20370	46201	1	고생했네 아들. 자외선 차단제는 잘 발랐지?
20371	53613	6	형이야 민정이 명문대 보내놨으니까 속 편하게 말하는거지. 세빈이는 민정이랑 또 달라요. 민정이처럼 알아서 척척하면 걱정도 안하지.
20372	36174	3	하… 아빠는 제가 이렇게까지 왜 연이 날리고 싶은지 설명했는데… 그래도 안 들어주시는 거에요? 귀찮은 건 다 엄마한테 가라고만 하고…
20373	41167	4	에이 됐어. 왜 그런 말을 해. 아빠, 오늘 일찍 정리하고 같이 퇴근하자.
20374	28168	7	그랬구나… 나는 영화 보는 내내 주인공에 너무 몰입되서… 내 처지가 꼭 봉철이 같아서…
20375	52518	5	 뭐??? 니가 무슨 애야. 너 결혼도 안했잖아.
20376	45404	5	네? 네.
20377	16717	1	우리 정도면 아직 쌩쌩한 나이잖아.
20378	49007	5	나? 나야 뭐 밭 매고 고추 같은 거 따와가 손질하고 그라제.
20379	39721	3	응. 진짜 남자들 사이에서 최고로 치는 놈이야.
20380	49028	7	할아버지 오늘은 몸 좀 어떠세요.
20381	42816	5	남친으로 생각하지 뭘.
20382	39020	4	저런... 속상하시겠네요.
20383	37636	4	지형이가… 요즘 학교에 가기 싫다고 하더라구요..
20384	18272	4	아니요.
20385	57095	2	창문은 열어 놓고 나왔어?
20386	33223	3	똑 같은 놈이구만.
20387	55992	5	그렇지.  어…어! 또 쳤다.
20388	23037	1	고마우면… 너 카페 내면 나는 전부 공짜인거다?
20389	49969	7	그건 그렇긴 하지. 너희 엄마가 좀 더 섬세하게 생겼다고 해야 하나. 암튼. 너희 아버지는 좀 남자답게 생기셨잖아.
20390	78725	2	"근데 추석 때는, 상에다가 과일도 놓고, 돼지고기도 놓잖아요. 	왜 그러는거에요?"
20391	59429	2	그걸 왜 지금 말씀하세요?
20392	44537	1	 어. 한번 보내봐봐.
20393	62885	4	7월 중순인가봐요.
20394	26716	2	정말 죄송합니다. 죄송합니다...
20395	29791	4	그래! 삐졌다.
20396	54535	6	엄마 그걸 위로라고 하는거야?
20397	5427	5	근데 왜 피자는 안돼?
20398	53315	3	너 할아버지 대할 때 항상 그런 마음이었냐? 병원 자주 찾아 뵌 것도, 할아버지 아파트 노리고?
20399	53853	6	아줌마 안 귀찮은데~ 예리 저녁은 먹었니?
20400	8973	6	 얼어 죽겠다.
20401	24355	2	할머니, 근데 왜 고깃집에서 일하는 형들은 다 잘생겼어?
20402	11685	5	살? 별로 달라 지지도 않았는데.
20403	1460	3	 왜 누나냐.
20404	22646	2	그래서 내가 그 친구한테 좀 투자를 하는게 어떨까 싶어서.
20405	24322	2	그러게. 뭐 먹지. 할머니 뭐 먹고 싶은 거 없어?
20406	58242	5	뭐야. 너 내 노트북 들고 다녔었어?
20407	53989	6	"엄마도 안 보여주고 싶은데, 엄마가 보면서 그럴 순 없으니까 보여주는 거야.	 TV보는 엄마 만나서 운 좋은 줄 알아."
20408	49803	7	그럼 뭐 다른거 먹고 싶은 거 있어? 오랜만에 짜장면 시켜 먹을까?
20409	29718	7	아니야. 혼자 준비하는데, 정신 없는게 당연하지. 야… 근데 이거 마이크 그럼 괜히 샀다. 그지?
20410	12742	1	네. 저 그것만 해요.
20411	14770	0	이르기만 해, 진짜로 가만 안 둘 테니까.
20412	54519	3	그래. 엄마가 갖다 버렸다. 왜.
20413	24535	1	나 카메라를 하나를 사려고 하는데.. 추천 좀 해줄래?
20414	72633	7	어? 너 그 성빈이 동생 아니야?
20415	48380	7	 그 정도야?
20416	74320	7	그래. 곧 연락줄테니까 기다리고 있어요.
20417	67948	6	"그건 잘못된 생각이야. 	 사람이, 일한만큼 받을 생각을 해야 되는 거야."
20418	65762	0	"뭐야! 나도 책가방 새거 필요한데! 	 왜 언니만 사줘!"
20419	75207	6	무슨 차에요. 저 운전 면허도 없어요 할아버지.
20420	74749	6	"내가 이미 얘기는 해봤지. 	근데 그 할머니가 워낙에 고집이 세야지. 	약속 안 지키는 사람한테 집 못 내준다네."
20421	39445	2	무안하게 하려던건 아닌데… 죄송합니다.
20422	28452	1	그게 진짜 슬럼프인지 아니면 그냥 성적이 떨어져서 하는 소리인건지.. 그걸 잘 구분을 해야 돼.
20423	53049	6	아니, 위아래로 훑더니 피부과 안 다니세요? 이러는 거야.
20424	46447	1	빠빨간 음, 궁굼해 험, 음, 예예예
20425	16849	0	…... 그야…. 안 갔지.
20426	33840	4	 아...
20427	28624	2	그렇구나… 아빠가 정 회사가 싫으면 어쩔 수 없지. 그만 둬야지 머!
20428	46693	0	니가 봤어? 내가 공부 안하는 거 봤어?  짜증나게 갑자기 왜 잔소리야. 니가 엄마야?
20429	8284	6	생각만 해도 싫다.
20430	39179	3	적반하장도 유분수지… 이런 식으로 나오니까 그 동안 그 모양이였죠!
20431	37509	0	장사를 접으라구요…? 진짜 보자 보자 하니까!
20432	28479	2	무슨 얘긴데요… 갑자기 왜.. 또.. 분위기를 잡고 그래요?
20433	55918	7	그래? 잘 됐다.
20434	32614	2	왜 그래. 같이 있는 사람도 불안해지잖아.
20435	8957	6	덥다 더워.
20436	32970	3	닥치세요.
20437	21336	3	핸드폰 많이 하면 머리 나빠진다고... 너가 알려준거잖아.
20438	1453	3	 어우 미쳤나봐. 너 순정만화 너무 봐서 뇌가 절은 것 같어. 닭살 돋아 어떻게 해.
20439	72254	7	"됐어요. 나보다 우리집 지름길을 더 잘 알아. 	 완전 무서워."
20440	68972	4	….
20441	43671	3	그거야 성장기 때 얘기지.
20442	49445	5	우와 궁금하다. 아빠도 보여줘.
20443	52492	3	몇살이라고 했죠?
20444	35593	4	가족끼리 비밀은 없어야 한다며.. 나는 가족도 아니야?
20445	47005	5	왜 무슨 일인데?
20446	49030	7	저 최진수잖아요. 요양사요.
20447	76982	6	왜 찍는데요?
20448	49294	7	네 잘 지내고 있어요. 숙모랑 지현이 형은 잘 지내세요?
20449	74435	6	내가 뭐?
20450	35187	1	응. 핏속의 설탕 같은 거야.
20451	57147	0	눈이 안뵈어.
20452	72270	7	그것도 무섭다면요?
20453	10745	5	왜?
20454	32571	4	맞아. 시간이 지나야 알 수 있는 것들이 있어.
20455	61387	0	미쳤냐? 절대 안돼.
20456	51968	0	아아 이게 왜 중요한데. 빨리 물 좀 까 달라고.
20457	39307	2	에휴...
20458	30299	1	흠... 엄마한테 한번 물어볼게.
20459	37675	2	그렇죠.. 지형이도 덜컥 겁을 먹고 학교에 안 나가겠다고 해버리면… 그게 강경해지면 학부모님도.. 저도.. 힘들어지니까요..
20460	2349	7	 구 만원. 네. 맞네요. 그럼 잘 보살펴 주세요.
20461	7110	5	왜. 아빠는 왕이 되기 싫어?
20462	26731	2	아 그때는 그때고, 이건...진짜 중요한 일이란 말이야. 그런 거 묻지 말고 돈 좀만 빌려줘.
20463	34632	0	너 내가 내 방에 함부로 들어가지 말랬지!
20464	39744	2	아… 진짜 누나 내가…
20465	23187	2	지금 말한거 알면 엄마나 아빠가 엄청 화낼거 같아서… 둘 다 회사 가야하는데… 지금 말하면 화내지 않을까?
20466	40974	3	아.. 진짜 꼰대들 짜증나네...
20467	54785	6	단어도 다 외웠고?
20468	71962	4	잘 지내.
20469	74537	2	 …응.
20470	9007	6	요런 소재가 좋은 것 같아.
20471	44538	1	 보냈어. 봤어?
20472	55642	7	뭐 고기나 구워야지. 아니면 오랜만에 회 한사라 할래? 너 날로 먹는 거 좋아하잖아.
20473	62129	0	너 근데, 적금은 들고 있니?
20474	74648	3	"뭐 그런거죠. 	그 쪽은 나이가 결혼할 나이가 됐으니까."
20475	9798	5	에이, 뉴스에 나와서 그렇게 보이는 거지. 살벌할 정도까지는 아니야.
20476	13516	5	어제 회식 갔는데, 애들이 날 피하더라.
20477	37345	0	가만 안둬..? 가만 안 두면 니가 어쩔 건데? 어? 얘가 아주 몇 년새에 더 싸가지가 없어졌네..?
20478	68668	4	미안해.. 그 땐 몰랐어. 너가 그렇게 힘든지….
20479	59494	5	계속 연극하고 있는 친구들이랑 이번에 같이, 연극을 올리려고 하는데.
20480	69709	4	한 번만 더 여쭤봤으면, 엄마가 사주셨을텐데.         세리야. 도둑질은 정말정말 나쁜거야. 알지?
20481	12671	4	지금 자기가 유용할 돈이 없는데, 뭐 사고 싶은게 있나봐.
20482	10836	7	친구가 갑자기 떡볶이 먹재서.
20483	8581	7	아니. 그러니까 시험 끝난 날 부터 성적표 나오는 날까지가 제일 좋은거야
20484	74511	2	내 심장이 멈추면, 너가 뭐 할 수 있겠니?       그냥 내려가있어.
20485	46704	5	뽀뽀? 아니면 키스?
20486	17419	4	몰라... 끝까지 숨겨야 돼...
20487	38513	3	예? 간호사한테 들으셨어요? 여태 아저씨 보셨잖아요. 이제 상태가 좋아지시기는 아무래도 힘들어요.
20488	53792	5	왜애. 시금치같다며~ 엄마 시금치처럼 입고 가도 돼?
20489	38786	2	그거.. 등록 마감이 언제였지?
20490	16943	4	돈 모아 놓은 건 좀 있는데, 연금이 있는 것도 아니고…
20491	53430	2	네 알겠습니다.
20492	24551	1	버는 돈이.. 뭐 우리는 상상할 수도 없는 정도인가봐.
20493	55867	5	승진은 했고?
20494	29330	2	아 그럼 우리집도 쓰면 안돼요? 우리 아파트도 언제 녹물이 나올지 모르는 거잖아요.
20495	12121	1	그래? 뭐.. 담배 정도야 피우는 애들 많으니까.
20496	30686	7	난 형이 생겨서 좋은데.
20497	75190	6	뭔가?
20498	8847	7	아 청도. 칭다오?
20499	71472	3	진짜라니까? 내가 다음에, 우리집에 있는 UFO 관련 책들 다 보여줄게.       거기 보면, 2030년에 거대한 UFO가 지구에 찾아올거래.
20500	17101	1	응, 자네도 알지. 얼마 전에 새로 생겼는데, 지나갈 때마다 냄새가 죽여줘.
20501	71352	7	응 감자가 맛있어서 맛있대!
20502	8504	7	할머니 그 백화점 문화센터 엄청 열심히 다니네? 재밌어?
20503	49045	7	요즘 아주 그냥 덥지요?
20504	55716	5	집에 무슨 일 있으세요?
20505	55864	7	잘 지냈지. 너는 임마 잘 지냈냐?
20506	43819	3	아 몰라 진짜. 나 그런거 진짜 싫어한단 말이야. 어떻게 해야 돼 여보.
20507	74558	6	네. 머릿속에서 뭔가를 끌어내야 하는데, 끌어낼 게 더 이상 없을 때 슬럼프가 오더라구요.          그래서, 그냥 뭐든지 닥치는대로 머릿속에 집어넣는거죠. 영화도 보고, 만화도 보고. 중요한 건, 책처럼 무거운 건 보지 않는거에요.         그게 스스로에게 부담을 주기도 하거든요.
20508	68823	4	" 그것 말고도 돈도 엄청 들거고...	 어디로 가고 싶은데?"
20509	40047	2	그래 봤자 철탑이지.
20510	51369	5	민환씨? 괜찮은 거야?
20511	55364	7	 감사합니다.
20512	71489	4	 …..그냥. 좋잖아. 다른 세상이 있다는게.
20513	49931	7	어머 착하다.
20514	28549	7	네 저도 두 수업 다 좋을 거라고 생각해서, 수업 듣는 걸 기대하고 있어요.
20515	72562	7	오빠 나도 같이 가면 안돼?
20516	17329	0	아니야! 흉본거 아니야!
20517	10802	7	그래? 태웅이 귀엽지.
20518	72612	7	"아니. 그래서 고민 중이야.	 준호오빠가 좋아졌으니까, 남친이랑 헤어져야 되지 않을까?"
20519	35748	0	내가 좀 뭐?!
20520	50466	0	뭐 길게 보는 거 아니고. 그냥 저녁이나 같이 먹는거야. 우리 아들 여자친군데 엄마가 얼굴이라도 봐야지.
20521	17568	3	로봇 청소기가 못 하는건 이렇게 먼지털이로 털어 줘야지.
20522	9999	5	이상하다.. 분명히 여기다가 뒀는데
20523	53451	5	형님 말인 즉슨, 용기를 내어, 힘을 주어, 샴푸를 빡빡 했더니 머리가 나더라?
20524	39452	0	아줌마 문맹이야?
20525	21674	2	아빠가 운전 하셔? 너무 힘들겠다.
20526	52068	5	왜 머리가 콕콕 쑤셔요?
20527	65576	0	변했어...어떻게 사랑이 변하니!
20528	19238	7	너... 나중에 꼭 좋은 어른되야돼.
20529	58852	4	이제 육주래.
20530	18258	4	모르겠어요.
20531	68168	4	아이, 맞네. 눈 안 보이는 거 맞지?       아유, 이렇게 어떻게 살어. 내가 도와줄게.
20532	28094	3	아니, 병문안을 빈손으로 왔더라고.
20533	30326	4	아니. 걔가 먼저 나를 피하더라구. 나도 같이 왕따 될 수도 있다고.
20534	55814	3	아...너...
20535	40661	5	내가 언제 그렇댔어?!
20536	43056	2	돼지양념갈비 주문하신 테이블 맞죠.
20537	64577	5	원래 인생이 그런거야.
20538	68048	4	고백? 뭔데?
20539	16171	1	인제서야?
20540	56222	6	"아니, 다른 자매들은 계절마다 해외여행 간다고 난리더만.	 우리 형제들은 어찌 그런 얘기가 하나 없어?"
20541	29267	1	아니 너네 엄마는 어릴 때 맨날 달리기 꼴찌 했거든. 아빠가 엄마랑 한동네에서 쭉 자랐잖냐.
20542	64723	5	"어르신, 이 제품이 원래는요. 대현가 정호영 회장, 삼진가 이관희 회장 등등 	 재벌가에서만 쉬쉬 하면서 거래되던 그런 제품이에요. 세상이 이제 좋아져서	 모든 어르신들이 드실 수 있게 된거니까 어르신 운 좋으신거에요."
20543	63456	5	정확히 뭐라고 말했는데?
20544	53891	6	"엄마도 그러고 싶은데,  전화를 안 받네?	 아빠는 별로 오래 살고 싶지 않은가봐."
20545	62231	0	아이 참. 드리면 좀 좋게 받아요.
20546	26412	2	응. 살릴 [구] 목숨 [명] 해서 구명이야. 할아버지 목숨을 구해주는 거지.
20547	16760	1	뭐가 신기하다는 거야. 중얼중얼 거리면서.
20548	38930	0	이런 사람이 걸렸다니, 그게 무슨 소리에요? 사람 봐가면서 차 들이받아요?
20549	19491	3	근데 워낙 떠들썩하게 준비해서 모르는 척하기도 쉽지 않네요.
20550	12348	1	 이벤트. 일어난 사건… 선발대회. 잠입수사.
20551	51611	5	너무 신기하다. 아영이 사인 받아놔야겠네.
20552	4046	4	아니 오늘 재활 치료하는데 엄마가 울더라  니 엄마가 우는 거 보니까 이게 간병도 못 할 짓이다 싶어
20553	6584	3	너처럼 꼬맹이가 피곤하긴 뭐가 그렇게 피곤해?
20554	65902	4	알지… 그렇지만 규정에 어긋나는데. 어떡하지…
20555	9618	5	뭐? 너 교회를 그렇게 열심히 다녔었어?
20556	34051	0	아.. 이거 미치겠다. 엄청 신경쓰이네 이거….
20557	7297	5	갑자기 웬 로보트 놀이야?
20558	9312	5	왜?
20559	16139	1	교양머리 없이 무슨 소리하는 거야. 농담이라도 그런 말 말아라!
20560	41938	4	그치. 그냥 사람이 사람이랑 마음이 서로 통한다는 거 자체가 너무 신기하고, 비현실적이고, 그래.
20561	59903	3	" 아이씨, 그래서 하고 싶은 말이 뭐야!	  아까부터 이 놈이 왜 자꾸 초를 쳐!"
20562	34403	4	그래? 어떡하니… ㅡ그거 사실 엄마가 그런거야.
20563	29066	3	꾀부리지 말고 얼른 학원 가. 아빠 괜찮으니까.
20564	52139	5	근데 희진이는 왜?
20565	22531	2	그.. 철수 얘기 있잖아. 철수 취직 얘기…
20566	55808	7	야. 4등 당첨금 5만원이야 임마. 어디다 쓰고 말게 뭐 있어.
20567	42543	5	왜 싫어.
20568	44834	1	응
20569	49331	7	어, 얼굴이 훤칠해졌네. 회사는 다닐만 하고?
20570	31147	1	글쎄. 딱히 할머니는 입맛이 없으니까 너 먹고싶은걸로 시켜.
20571	46290	2	그러면.
20572	18245	4	안돼. 무리야.
20573	41379	4	저는 아니에요.
20574	17731	1	조금만 참아~ 비 그치면 놀면 되지.
20575	43516	4	하다 보면 늘어. 기운내.
20576	26459	2	혼 안내고?
20577	32262	4	네. 어머, 혹시.. 친동생이 아닌가?
20578	41664	2	수연아. 나 오늘 하루만 자고 가도 돼?
20579	29913	7	야 그거 얼마나 하냐?
20580	76929	6	그렇구나. 저도 별로 좋아하진 않아요.
20581	79344	0	안녕.
20582	11800	1	잘 어울리는거 아니고.. 잘 어울리는 거 같아?
20583	39070	3	따님이랑... 손주요!
20584	23656	1	네… 저희 집은 외식을 잘 안해서.
20585	24314	2	응. 그리고 침대 같은 수면기구들이 일반화되지 않은 원시부족들을 관찰한 결과, 거의 모든 사람들이 모로 누워 잔대.
20586	18200	1	바깥 기온에 덥던, 춥던 우리 몸은 체온을 일정하게 유지하려고 한다. 이 뜻이야.
20587	27983	3	그냥 무조건 환불해 놓으라고 으름장 놓으라니까! 그렇게 안했어?
20588	38197	2	임마! 진짜 시체 말이야.
20589	51048	5	 그러면 좋은 거 아니에요?
20590	29125	7	시골집 가기로 했잖아.
20591	37295	0	하… 내가 이 나이 먹고 여행도 내 맘대로 못 가..? 엄마 나 진짜 너무 답답하다…
20592	15179	3	음… 내가 이렇게 너를 못 믿을 정도면… 그동안 니가 인생을 잘못 살아왔다고 생각하는 게 맞는 거 같다.
20593	9417	6	응.
20594	48600	7	나랑은 말 많이 하는데?
20595	44485	1	나는 좀 배고픈데? 너 점심 언제 먹었는데?
20596	28562	7	그래. 필요하면 선생님한테 글 쓴 거 가지고 와.
20597	35685	0	너 반 애들이 다 증언했는데 자꾸 발뺌할래?
20598	48681	2	아버님은 떡 드시기 좀 그렇지 않나?
20599	77587	6	"아빠가 불편하더라도, 규칙은 지켜야 	 서로 행복하게 살 수 있다고 그랬어요!"
20600	43615	1	등록 끝나면 알려주세요. 내부 결재 방법 교육해야 하니까요.
20601	36538	0	할아버지가 친구들 있는데서 찡찡거리지 말라고 했어, 안했어?
20602	49109	7	 여기 있네요. 설정 들어가서 텍스트 사이즈를 바꿔주면.  크기 어떠세요? 보이세요?
20603	37342	0	네. 그것만도 다행인줄 아세요.
20604	18297	1	응. 조물주 다음이 건물주랬어.
20605	44625	1	잠깐만. 걔 카톡에 같이 찍은 거 있어.
20606	25115	1	뭐라고 얘기해?
20607	39252	4	오일이 좀 새네...
20608	26755	2	자도 자도 자꾸 잠이 오고... 자리에서 일어나기가 넘 힘들어요.
20609	16326	0	왜 그래? 나 잘 나가.
20610	57721	2	알았어. 오늘 집에 가서… 보고 맞춰볼게.        나쁜 얘기 한 거 아니지?
20611	12382	1	이게 3개월을 정상 납기했을 경우에 한 해, 우대금리를 적용해주는 거거든.
20612	73432	7	"저녁… 음… 어제 먹다 남은 찌개 있어. 	그거 데워서 먹어도 되고, 아니면 	치킨 시켜 먹을까? 오랜만에 먹고싶다."
20613	52594	3	나는 지금 신발 완전 신고 있어서 냄새 안 나. 너 약간 발 빼고 있어서 냄새나는 듯.
20614	64502	5	뭐야… 지금 알았네. 나는 평생 엄마가 그 집 미역국 좋아하는 줄 알았어.
20615	67093	3	기억력이 그것밖에 안 된다고? 어휴.
20616	12295	1	네.
20617	74204	7	장하네.
20618	71886	2	 나도 너 좋아한다고.
20619	38810	3	결론부터 말하자면 사실이야.
20620	5897	4	선배쪽으로 이렇게 고개를 돌리면요.  검은 점이 자꾸 보여요.
20621	54918	3	니네 아빠 닮아서 못났지. 공부 좀 해라
20622	10719	7	너가 삼촌이 얼마나 인기 많은지 모르는구나?
20623	11896	5	그래 신중하게 고민해야지.
20624	35988	1	네. 자동차 게임 하는 것처럼 재밌어 보였어요!
20625	14617	1	그럴 거 같아. 아빠가 코코아 마시는 거 못봤어.
20626	39600	2	저기… 벌써 일 주일이 지났는데.
20627	45895	0	됐어. 엄마만 그러지.
20628	37745	3	끝물이면서 무슨.
20629	52398	3	삼촌 결혼 안해요?
20630	49123	7	네. 저 그럼 사진 몇 장 찍어도 괜찮을까요?
20631	8731	6	남들이 바라는대로 살아야 더 많이 인정 받잖아
20632	59359	5	왜요? 무슨 일이에요?
20633	12419	1	나도 들고 싶어!
20634	36537	0	내가 뭘! 내가 뭘 잘못했다고 나한테 화를 내?
20635	79107	6	"그죠. 감독님 들어가셔서,  냉수 한 사발 크게 들이키고 주무셔야겠어요.	 내일 멀쩡히 출근하시려면! 그죠?"
20636	51673	5	응?
20637	55416	7	어머. 민규 너가? 고마워. 선생님은 그런 것도 모르고…. 미안해.
20638	69074	4	"쉬는 시간 같을 때, 자꾸만 구석진 곳으로 데려가서.  	영어 해보라고 그러고…"
20639	38884	5	내가 알아야 돼?
20640	72922	7	오빠. 오빠 피아노 칠 줄 알지?
20641	11893	1	우리 엄마 아빠한테 한 번 졸라 볼까?
20642	71957	2	니 마음을 돌릴 순 없는거지?
20643	39094	3	아….
20644	26753	2	죄송합니다.. 사장님.. 제가 요새 몸이 좀 안 좋아서 그런가봐요.
20645	6005	5	영화과?
20646	9218	6	아 그리고 택배 박스를 왜 가위로 여는데? 그러면 날 다 망가져.
20647	49133	7	이따가 엄마랑 아빠랑 오면 같이 밥 먹으러 나가자고 하시던데. 뭐 드시고 싶은 거 있으세요?
20648	56375	7	"네. 같은반 친구에요. 	 둘이 좋아 죽어요. 종일 붙어 있어요.	 얼굴 다치게 한 것도 서연이 그림 그려준다고 사인펜 뚜껑 열다가 그랬어요."
20649	71556	4	어… 평소엔 잘 못 먹으니까.
20650	47716	0	 아 왜 그걸 다 먹어. 내가 먹을라고 사놓은건데.
20651	16701	1	금액 보니까… 까다로운 분 없었나 본데?
20652	61473	0	한 달 용돈 10만원 받는데, 3-4만원짜리 케잌을 어떻게 사.
20653	12364	4	너무 푼돈 이야.
20654	27237	3	야, 나는 어릴 때 아버지 생신 한 달 전부터 뭘 해드려야되나 고민하고 그랬어. 근데 너는 일주일 전인데 아무 생각도 안 했단 말이야?
20655	71641	7	봤지.
20656	37415	3	어쩔 수 없다니..? 다 큰 성인들끼리 다 선택한거 아니에요?!
20657	43315	1	 이거 얼마야?
20658	78924	6	안돼. 아내가 의심할거야.
20659	18634	7	세상에… 그렇게까지 해줄거야? 고마워!
20660	28424	2	아니, 미친놈이 아니라 니가 상처받은 게 너무 많은 것 같아서. 치료를 받아야겠다고 말한 거였어.
20661	45563	4	성철아, 이리 와 앉아 봐.
20662	57825	2	"어! 내가 노랑색 도화지로 만들었는데	 열 장밖에 없어서.."
20663	10738	7	자 이제 눈 떠.
20664	5946	0	안 하면 더 좋겠지만… 일단. 알겠습니다.
20665	70216	3	그래서. 못 했다고?
20666	59444	2	그럼 무슨 일이세요?
20667	8738	6	그냥 있지 뭐하겠어
20668	48796	7	이번 주말 말고 다음 주 주말에 멀리 어디 갈까요? 일박 이일로?
20669	10573	7	안마 좀 해봐.
20670	50891	0	엄마는 제가 미워 죽겠어요? 왜 이렇게 못 잡아 먹어서 안달이세요?
20671	65785	0	아빠! 김지온 완전 또라이야.
20672	46328	1	저번달에.
20673	55448	7	사는 게 왜 힘들어. 나는 좋기만 하구만.
20674	28634	2	제가 무슨 노력을요?
20675	65917	0	근데 학생, 나이도 어린 것 같은데, 이런 일을 왜 해?
20676	45228	0	아 뭐야! 왜 갑자기 다리털 얘기가 나와!
20677	79275	6	애? 글쎄…. 그럼 시간이 좀 더 걸리겠네..
20678	76483	3	"그건 좀 문제가 있다. 	그 친구한테 나는 너 좋아하는 거 아니라고 얘기 했어?"
20679	79289	6	그러면 빚은 어떡할건데? 누가 갚아줄건데?
20680	14749	1	비싸다…
20681	16906	4	아니, 우리 형님이 병원에 입원하셨다고 하셔서.
20682	45204	0	내가 생일 더 빠른 데 제수씨지. 형수는 곧 만들어 줄게.
20683	4738	4	저희 가게는 이렇게 크지도 않고 알바생 한 명만 더 있으면 충분히 커버가 가능한데요
20684	72129	7	"우빈이 책을 많이 읽는구나.	 <그날의 범위>도 한번 읽어봐야겠다!"
20685	14113	1	아 진짜…? 무조건 안된다셔?
20686	71509	7	치. 야 1등은 너무 재미없어. 3등 쯤이 딱 좋아.
20687	24868	2	작은 것부터 줄여야되는데.. 그게 가능할지 모르겠네.
20688	59499	2	네 한 번 알아볼게요. 내용은 상관 없어요?
20689	59545	0	 말이라고 정말! 어리광 좀 그만 부리셔 제발!
20690	30974	4	그것도 모르고 가족들은 얼마나 속상했을까…
20691	4453	0	 오늘은 따로 보고 하지 말고 전부 내 책상 위에 그냥 올려놔
20692	61982	6	엄마. 엄마는 내가 결혼 했으면 좋겠어?
20693	38188	0	하긴 너 일처리 하는 거 보면, 굼벵이나 다름없지. 에효! 신이랑 올걸 잘못했다.
20694	55114	6	뭐???
20695	1262	6	소 귀에 경 읽기야.
20696	12349	1	그렇지. 스토리는. 잠입수사에서 겪는 주인공의 내면의 변화가 되는 거지.
20697	10725	7	어. 신기하지? 천생연분인거 같아.
20698	35639	4	결국 둘이 헤어지게 됐잖아… 아, 너무 잔인해!
20699	74399	6	당연하지. 지금 죽기엔 너무 아깝지.
20700	33742	3	자네는 김영란 법도 모르나?
20701	41100	4	아저씨… 제발… 제발… 한번만 용서해주세요. 네?
20702	68011	6	설마, 아빠 전에 바람 핀 것 때문에 그래?
20703	66048	0	우리 집에 오면 훈장이 몇 갠데 그걸 몰랐냐?
20704	37838	4	네 부탁드립니다. 마지막으로 한번만…  용서해 주십시요. 죄송합니다.
20705	58266	5	나? 나는 부모님이 애초에 크게 반대하시지를 않았어서.        그냥 나 하고 싶은 거, 하라고 하셨어.
20706	7864	6	야 몸 상하겠다.
20707	35230	0	안 돼. 연필 들 힘은 있잖아.
20708	75211	2	할아버지 회사 너무 무서워요.
20709	59431	4	아버지….
20710	17540	1	아니? 너가 준 거 아니야?
20711	72365	7	응 카스트라토.
20712	27867	3	너랑 현주… 지난번 아빠 생신에 선물이라고 가져온 쓰레빠. 그거 너네 너무한거 아니니?
20713	39190	0	그 쪽이 이사가든 우리가 이사가든 둘 중에 하나 합시다!
20714	29875	7	에이~ 괜찮아. 어차피 우리 회사는 내가 일 혼자 다 하기 때문에, 주말에 나와서 잠깐 더 하면 돼.
20715	73672	7	" 예뻐서. 	너 오늘 되게 예쁘다?"
20716	21429	1	참... 답답하다...
20717	10640	7	뭘 도와줘?
20718	38841	2	‘G코리아’도 그렇구요. ‘S유통’에서도 문제가 있네요…
20719	19234	7	뭐가 감사해.. 어른들이 더 잘해야지..
20720	65244	4	운동하면 되지.
20721	59195	2	저… 혹시 이 근처에서 고양이 한 마리 못 보셨어요? 까만색인데.
20722	65833	4	뭐… 제가 열심히 해야죠.
20723	5057	5	어머, 너 제대로 안 챙겨 먹는구나? 그거 꾸준히 관리 안 하면 큰일 나! 가볍게 볼 일이 아니라니까!
20724	69040	4	"아니에요. 그냥 그러고 싶다는 거지, 진짜로 실현 가능성이 있는지 	없는지도 모르는데요 뭘."
20725	57937	5	곧 고3이네. 헤어지지 말고 잘 사겨.
20726	74199	2	용돈이요...?
20727	73067	7	 암튼 오늘 아빠한테 맛있는 거 사달라고 해야지~
20728	57257	3	"그 나이 먹고도 그짓말이랑 참말을 구별을 못하나부지?	 김씨가, 사람 좋을라고 한 말이지, 그걸 또 고대로 믿네. 푼수떼기 할망구."
20729	2212	7	네. 오늘 저희는 두근두근! 푸드 파이트를 하기로 했습니다.
20730	10564	7	응. 꿀이랑 호두가 있는 건데.. 이 가게에서 이게 제일 맛있어.
20731	73847	2	하… 근데 사실 저희가 지금 권태기거든요?       여자친구도 따로 남자친구 있고, 저도 지금 썸 타는 사람도 있고.       아직은 둘 다 암묵적으로 모르는 척은 하고 있는데.        문제는, 그 마피아 두목이, 여자친구 전 남친들을 다 묻어버렸대요.        
20732	9604	6	지훈이가 친구들이랑 술 먹는다고 나보고 지금 나오라네.
20733	55378	6	그래. 공부 잘 하는 애들끼리 건전하게 잘 만나는 거 선생님은 솔직하게 말해서 별로 간섭하고 싶지는 않아. 근데, 요한아 너도 알지? 우리 학교 교칙?
20734	49916	0	그래서 엄마가 아까 나중에 밤에 배고프니까 많이 먹으라고 했잖아.
20735	72894	7	현수네 동생 보니까, 애기 너무 귀여워.       나도 애기 옷도 입혀주고 싶고, 맘마도 먹여주고 싶어.       그리고 애기가 잘 때 너무 귀여워. 사진도 찍고 싶어.
20736	3581	3	우리 학교랑 완전 딴판이네. 여긴 분위기 완전 헬인데.
20737	59237	5	막걸리도 있나?
20738	20761	1	그래. 그럼 유민이가 좋아하는 걸 주는 게 좋겠다. 그렇지? 뭘 주면 좋을까? 지은이 너 뭐 생각 나는 것 없니?
20739	75248	2	"저 이번에 영화 찍는데, 	그 반지가 필요해서요."
20740	6170	5	 기사님!
20741	65696	4	"지수밖에 없지....	 이 나이에 내가 또 누굴 만난다고..."
20742	28350	2	 ..제가 뭐….. 맞고 싶어서 맞았냐고요. 저도 애들한테 맞는 거 싫어요.
20743	9840	5	 누나, 누나.
20744	23909	2	응. 일단 그렇고, 근데 재준이가 갑자기… 예진이한테 자기 생일날 고백을 하겠다는 거야.
20745	60743	5	응. 경찰이나.
20746	73758	7	제가요?  고3 때보다도 더 컸다고요?       그게 가능한가요.
20747	51792	2	할머니 병원 가보셔야 되는 거 아니에요?
20748	78755	2	무슨 일 있어요?
20749	57915	3	야, 아이돌이 그럼 다 잘해야지. 요즘 같은 경쟁 시대에.
20750	19279	3	저도요... 이런 것만 잘 맞아서 문제 지만...
20751	59890	4	귀엽네. 요즘 TV에 나오는... 그 뭐야, 케빈?  걔네보다 훨씬 귀엽네, 유정이 아들이.
20752	40040	2	이번 추석에 해외여행 가기로 했잖아요.
20753	55477	5	 그래? 우리 요한이가 좋아하는 사람이 누굴까~
20754	24499	2	하... 나도 잘 모르겠어. 하긴 이게 젊은 사람들도 어려워하는 이야기긴 해..
20755	53029	5	네?
20756	73837	7	우와…. 고구려. 고구려 좋죠. 땅이 엄청 넓잖아요.
20757	41868	4	그래서 그거 물어주느라 돈이 꽤 나왔어.
20758	62106	6	"어이구, 잘났다 잘났어.	 지 엄마만 진상 만들고 있네."
20759	65376	0	걔가… 평소에도 저 많이 놀렸는데.        어제 초록색 옷 입었다고,        자꾸 개구리라고 놀리잖아요.
20760	35799	3	아 몰라요..
20761	49291	5	여기는 어쩐 일이냐.
20762	29513	2	그 부분을 빼면 또 이야기 할 게 크게 없기도 하고…
20763	11129	0	 나 바빠 말 시키지마.
20764	5420	5	뭔데 그래? 얼른 말해봐 엄마 궁금해
20765	64567	5	뭘 어떡하긴 어떡해. 알아서 살아야지.
20766	13368	5	 그랬더니...? 귀신이 있었어...?
20767	49027	7	오냐. 고맙다. 고마워.
20768	12162	1	장님이 코끼리 다리를 만진다… 그런 속담이 있는지 몰랐네.
20769	8103	6	윤아가 그런 데 가려고 할까?
20770	66115	4	네…
20771	74169	2	네. 엄마가 장어 먹으러 가자 그러시는 거 같던데.
20772	75328	2	여자들한테는 세상이 아주 위험하고, 흉흉하다고.
20773	21619	3	학원 가면 쉬는 시간도 엄청 짧고... 공부만 해야되잖아.
20774	46306	1	부모님이 뭐 하시는데? 교수님? 학자?
20775	40429	3	아니, 나도 할 말이 없다니까…
20776	24842	3	그 놈의 자식은 사내자식이 입이 싸가지고 영 글러먹었어.
20777	61848	3	 마음대로 하세요….
20778	54255	6	햄스터? 어휴. 걔네 너무 냄새 나.
20779	56539	6	감기는 아니야. 그냥 자꾸 마른 기침이 나.
20780	39586	1	코만 해선 안될 거 같은데.. 지금 전체적으로 노답이야.
20781	73214	7	"나도 이런 거 좋아. 우리 처음 만나기 시작했을 때는 	서로 할 일을 못했었잖아. 	요즘에는 그래도 각자 일에 조금씩 집중할 수 있는 것 같아서 	좋은 것 같아."
20782	42014	2	아.. 저희도 이번에 일이 너무 밀려서요… 진짜 죄송합니다.
20783	33360	1	우리 집은 다 술 좋아해. 마실 줄 알아야, 같이 즐기지. 무슨 말인지 알지?
20784	39464	0	뭘 어째, 너 기물파손죄로 소송걸거야.
20785	44829	1	그래.
20786	9398	6	왜 말을 그렇게 밖에 못해?
20787	26880	2	네 알겠습니다. 다음부터는 이런 일 없도록 할게요. 한번만 봐주세요 사장님.
20788	8508	7	아아 맞다 할머니 무용과 나왔지. 잘 추니까 재밌겠다
20789	54445	6	진짜 혼자 있을 수 있어. 내가 애기도 아니고.
20790	15090	5	500일? 엄청 오래 됐네요.
20791	45084	4	돈이 돼야 멋있지. 아 나는 언제 서울에서 집 사나. 서울에 집이 뭐야 전세라도 갈 수 있으면 좋겠다. 월세만 몇 년째야 지금. 돈 아까워 죽겠어.
20792	46388	5	어? 연습하는데?
20793	50025	7	알았어. 그러면 과자 딱 한 봉지만 허락해줄게.
20794	6125	0	그러게. 그냥 면전에 대고  계약서를 쫙! 찢은 다음에  불질러 버려야 속이 편할 거 같아.
20795	10520	0	진짜로. 엄마한테 물어봐.
20796	45473	2	예전에 친구가 선생님한테 말했다가 형들한테 진짜 죽기 전까지 맞았어요. 걔는 파일럿이 꿈이었는데 눈 한 쪽 실명 돼서 비행기는 이제 꿈도 못 꿔요.
20797	12054	4	음...그럼 일단 이번 중간고사부터 오답 노트를 열심히 만들어 봐야겠다.
20798	55623	6	 아 공부 한다고요. 어떤 거 부터 하면 돼요?
20799	63502	4	알겠어. 그럼 선생님이 다른 친구한테 부탁할게.
20800	72306	7	누나 다른 캐스팅 공연은 안 봐요?
20801	49657	7	진짜야 여기 목 뒤에 있어. 파란껌이네 파란껌. 아까 파란 껌 씹었어?
20802	26944	2	저기요, 아저씨. 이번에 아파트에서 무슨 일이 났었다면서요… 경찰차 오고 아주 난리도 아니었다고 그러던데.. 그게 무슨 일이었어요?
20803	50696	0	너는 애가 좀 못됐다. 그거 알지?
20804	33714	4	네. 제가 생각해도... 너무 기분이 이상하실 것 같아요.
20805	75631	6	엥?
20806	42747	2	한 … 열 잔? 어떡해요… 임산부도 계셨는데…
20807	39587	5	전체적으로요?
20808	46692	0	맨날 공부한다고 설겆이도 안하고 청소기도 안 돌리잖아!  공부도 안하는 게!
20809	66890	4	아… 은상이 어머니가 집을 나가셨대요.
20810	42343	5	아 깡패 집안? 알만 하다.
20811	64227	5	음... 그렇기도 하고, 또 아닙니다.
20812	40425	3	백신을 개발 중입니다.
20813	28419	2	저는 이런 이야기 하는 게 너무 힘들어요.. 이제 그만 이야기하고 싶어요.
20814	37617	0	근데 당신은!! 왜 남의 것에 손을 댔어요? 왜 내 아버지한테 손 댔냐고?! 어?!
20815	14562	1	응. 그리고 왜 우리가 못 기르는지도 쓰자.
20816	31024	4	응. 아버지 없다고 놀림 받고 손가락질 받는데, 삐뚤어지고 엇나가면 더 어머니가 속상할 것 같아서 공부를 더 열심히 했지.
20817	25984	3	해결? 네가 무슨 수로?
20818	39384	2	아니요. 안되는데요.
20819	49443	5	그래? 잘 그렸나보네. 무슨 그림을 그렸는데?
20820	50277	3	진명이는 아직 쪼끄맣잖아. 엄마 아빠랑 같이 자야지.
20821	8668	6	원래 우리 모임 총무를 진희가 하고 있었거든?
20822	58373	0	"세 명이면 세 명이고, 네 명이면 네 명이지,  	왜 서너 명이에요?"
20823	64801	4	이 나이에 무슨 새 장가요. 그냥 이렇게 사는거지.
20824	13239	5	완벽하진 않아도.. 행복하게 지낸다...
20825	21419	3	아 못 하겠어...
20826	75775	6	뭘 그렇게까지 궁금해 해. 엄마한테 사주 받았어?
20827	60423	0	사다 먹어.
20828	69148	3	 그거? 떨어졌어.
20829	16531	4	병원 밥 먹는 거… 고역이지.
20830	54048	6	싫어. 나는 무서워. 그런 거 하기 싫어.
20831	10235	3	입맛? 어제 보니까 엄청 잘 먹더만.
20832	10862	7	난 동물을 사랑하거든.
20833	45698	4	병준이도 그렇게 생각하니?
20834	72525	7	헐. 개불쌍..
20835	12390	1	그냥 돈을 안 쓰고 묶어 둔다는 데에 의의를 두려고.
20836	23432	2	정말? 아빠가 속상해하지 않아? 내가 할머니한테 얘기했다고 화내진 않았어? 나 너무 걱정됐어…
20837	50399	7	아싸. 근데 나 아직 배 안 고파.
20838	5346	3	당선 되면 추가로 보나쓰도 준다고 하더라.
20839	54050	5	정말? 안 아파?
20840	49349	5	 어 분명 정문 경비실에 맡겼다고 하셨는데.
20841	68032	4	엄마 친한, 종숙이 아줌마 있지?
20842	72367	2	응. 근데, 어떻게 없었냐면... 
20843	17042	4	새로 이사올 사람도 자네처럼 집을 아껴줄 좋은 사람이었으면 좋겠네.
20844	25536	2	그러게 정말 스트레스가 많아서 이러는 건가.. 나 무슨 검사라도 받아봐야 되는 건 아니겠지?
20845	45666	2	네…
20846	35927	0	그치? 다들 사실 별로 궁금한게 아니라니까? 그냥 물어보는거야, 그냥!
20847	73716	2	네. 아직까지는 뭐가 뭔지 잘 모르겠어요.       근데 제가 장이 워낙 안 좋아서, 그게 힘들어요.
20848	15799	0	아니 훈이 걔 혼자였어. 와… 돈을 슬쩍 빼내는데.. 그걸 3일동안 계속 그러더라고. 지금까지도 걔가 그런거지 뭐.
20849	71433	7	진짜? 야, 너 좀만 꾸미면 괜찮을 거 같은데.       이 언니가 스타일링 좀 해 줘? 말만 해.
20850	49552	0	내가 뭐 어때서. 야 삼촌이 이래보여도 나가면 인기 좀 있어.
20851	77003	6	"어, 아저씨가 티비 급으로 구독자가 없어서,	 얼마 못 벌어. 	 돈은 못 주고, 편의점가서 과자 사줄게."
20852	24442	3	허구헌날 야구 때문에 제 명에 못산다고 하면서, 경기 마다 빠지지 않고 가는거보면… 네 아빠도 진짜 제정신 아니야.
20853	76847	6	"아니잖아! 목소리만 크면 다야?	 그렇게 조카 이기니까 좋냐?"
20854	59000	4	알았어. 갑자기 무슨 일이라니.
20855	65805	4	언니도..?
20856	41583	4	향수는 저번에 줬어… 지금 내 고민이 뭐냐면, 남자친구가 너무 부자라서 이미 필요한 건 다 있고, 다 비싼 것들밖에 안 쓴단 말이야.
20857	37779	0	됐습니다요. 그만하세요.
20858	2405	7	농어촌 전형 정원이 5명인데 2명이 지원해서요.
20859	23646	1	오십 년 전이시면… 아 맞다. 제가 사장님 존함과 춘추를 묻는 다는 걸 깜빡했는데…
20860	13818	4	아이고.. 그랬구나 속상하겠다.
20861	12112	4	만약에 누나가 잘못되면, 우리 가족들 다 얼마나 슬프겠어. 나쁜 선택을 하기 전에 꼭 우리 가족들을 생각해. 알았지?
20862	57669	0	아니 그렇잖아. 어려운 것도 아닌데.
20863	22752	2	야. 심난하겠다. 애들이랑 부인은 어쩌고?
20864	23438	2	아… 근데 또 담배 냄새 나면 어떡해…
20865	34693	0	형을 내가 어떻게 믿어?
20866	13388	5	그래? 난 커피맛을 잘 몰라서..
20867	26570	3	그렇긴 한데… 그렇다고 해서… 그런 아무 회사나 들어가야 돼 내가?
20868	10463	0	얼른 가져와. 아빠 화나기 전에.
20869	64506	5	그럼. 어떻게 몰라. 고마워요.
20870	16097	1	우리 수영장에 나오는 여학생 하나 있어.
20871	35823	0	한 반에서 같이 공부하면 다 친구지!
20872	65577	4	에이...아빠 서운해?
20873	10936	5	어디서?
20874	42879	2	처음 뵙겠습니다… 권준혁이라고 합니다.
20875	56232	7	오빠 괜찮아지면 갑시다. 우선 얘기는 꺼내 보고.
20876	13929	3	벌써 삐질려고 하네 뭐.
20877	55984	6	얘 트레이닝 엄청 빡세게 하더니 실력이 확 늘었대잖아.
20878	3072	3	성차별적인 발언하신 부분에 대해서요.
20879	74307	7	좋게 봐주셔서 감사합니다.
20880	48970	5	그래? 방학이야?
20881	54783	6	너 영어 숙제 다 했어?
20882	39980	0	좋아. 당장 내 번호부터 삭제해.
20883	55583	2	잘못했어요 형수님.
20884	30071	7	 흠, 그 정도 보상이라면 뭐, 한번 봐줄게.
20885	18622	1	왜 싫어?
20886	16925	4	그래, 고마워. 우리도 건강 관리 잘 하자. 있을 때 잘해야해.
20887	2290	7	에어로프레소라는거예요.
20888	52557	5	어 뭔데?
20889	14896	1	그래서 여자친구 생겼어, 안 생겼어?
20890	57139	3	아이고 그 놈의 태국은, 10년도 더 됐것네.
20891	31006	4	그랬겠다. 우리 때도 그랬지. 약한 애들은 어딜 가나 괴롭힘 당하기가 쉬워.
20892	75076	6	아, 입맛이 없는데 어떻게 먹나.
20893	23059	1	쭉 아파트에만 살았잖아.
20894	38527	4	 여지껏.. 일벌레처럼 일만하다 갔네….
20895	65200	0	오늘은 폐기 뭐 없냐고. 배고픈데.
20896	39906	0	저 지금 기분이 좀 나쁘려고 하거든요?
20897	77343	6	저는 지금 보면 안돼요?
20898	22878	2	하 어떡하지.
20899	54201	6	너 그 때 학교 가잖아?
20900	71863	7	어떻게 되긴. 성공했지.
20901	47681	0	거짓말 치지마. 너 어제 뭐 입었는데?
20902	42298	2	정말요? 워낙 안 친해보여서 동기인 줄은 몰랐어요.
20903	39571	0	아니 지들이 상한거 팔았으면, 죄송한 줄 알고, 사죄를 해도 모자를 판에… 뭐가 어쩌고 저째?
20904	37449	0	내가 바른 말하니까.. 당신도 할 말 없지?
20905	36892	1	네. 체험학습이라고 말하고, 학교 결석했어요.
20906	35236	3	희진이가 맨날 해서 나도 옮았어. 오 마이 갓김치~
20907	1495	3	와 소리 엄청 깨진다. 귀 안 아프냐 이런 걸로 들으면?
20908	61919	0	돈 필요하면 니네 아빠한테 가서 얘기하세요.        어려운 얘기는 다 나한테만하고. 아빠한테는 가서 아양떨고.        아주 미워 죽겠어.
20909	17035	4	아니. 이제 아들도 독립했겠다… 뭐, 우리도 이렇게까지 큰 집은 필요 없으니까 옮기려고.
20910	21231	1	근데 왜 안 했어?
20911	28064	7	아~ 그거? 스쿼트 머신이야.
20912	15405	0	저는 둘 다 주는 거라고 이해를 하고 계약을 한 건데 이런 법이 어딨습니까?
20913	45387	2	죄송합니다.
20914	35756	0	야… 나 경찰된지 10년도 넘었어….
20915	64212	5	"그럼. 선물은 리스트업을 딱 해줘야, 해주는 사람이 편한 거야.	  빼고 그런 거 필요 없어."
20916	79106	6	"음.. 야.. 내가 뭐 실수했니.	 나 물 좀 마셔야겠다.  이모! 여기 물 좀 주세요."
20917	12997	5	정말? 세상에 그런 일이 정말 있어?
20918	50660	0	 아 엄마 제발요. 제발 시험 진짜 잘 볼게. 제발.
20919	70559	3	"그러네. 쨌든 그런 것들이 너희 남매의 특징이야.	 한 마디로 에너지 과다."
20920	68622	3	아니, 누굴 택할지. 직접 본인 입으로 들어보자고요.
20921	45443	0	 뭐? 야 너 돈 내놔.
20922	26632	2	네.. 다행이라뇨…? 저 죽기라도 하는 건가요?
20923	64941	0	돈? 갑자기 왜?
20924	4877	4	아니에요 인기 없어요~
20925	49122	7	그래요. 아직 학생이라 혼자 정하기가 그렇겠구만.
20926	24002	1	왜? 무슨 일인데? 뭘 물어봐도 아빠는 그냥 한숨만 쉬어.
20927	16474	0	 뭐!
20928	30005	4	저희들이 다 전산으로 입력 해야 하는 부분이라… 사진 없이는 발급이 어려우세요.
20929	74438	6	뭐? 얘가 못 하는 말이 없네.
20930	55930	6	참, 그것도 다 옛날이다. 이제는 아주 할머니야 할머니.
20931	39743	4	네? 뭐라구요? 됐어요.. 별꼴이야 진짜…
20932	68211	6	뭔데. 어떻게 사야 되는데.
20933	53196	5	그래?
20934	35523	4	친구들이랑 약속한 데 있어?
20935	35011	4	한식 말고는 다 별 볼일 없다는 소리야.
20936	48331	2	밤에는 엄청 무섭겠다. 골목이 되게 좁던데?
20937	42463	5	확실하게요…?
20938	24529	1	기기 변경이라는 건.. 보통 기변이라고도 하는데. 통신사는 그대로 두고 핸드폰 기계만 바꾸는 걸 기기변경이라고 하는거야.
20939	8522	7	짜잔-  이게 해풍워치라는거거든?
20940	9582	5	뭐? 남자친구? 웃기다. 갑자기 왜 그런 말을 했대?
20941	21321	1	그렇구나. 나는 10시 넘어서 자는데.
20942	45910	0	 지환이는 공부도 잘 하고 착한데 너는 수업시간마다 왜 그렇게 떠들고 그러니?
20943	64471	0	아무리 그래도… 숙련자가 해야 되는 일인데. 어떻게 아무나한테 넘겨줘?
20944	32214	4	네, 학교에서 배가 너무 아프다고 해서 조퇴했다나 봐요. 병원에 데려가야 하는데, 지금 데려가 줄만한 사람이 저밖에 없거든요. 제가 가야할 판이예요.
20945	45336	4	어제 화장품을 잘못 썼나봐.
20946	24980	1	물티슈요. 이거랑 같은거.
20947	55481	7	오~ 진짜 착한 친구구나?
20948	59074	4	 서영이가 물을 가져다 줄 때까지~?
20949	48653	7	아이. 박대리 승진 기념으로 기분 좋게 마신 거야.
20950	63276	5	근데, 이걸로 대체 뭐 한다는 거니?
20951	38713	2	응. 사위도 이제 아주 은퇴를 했거든.
20952	49269	5	하얀색 자동차가 신호에 걸려서 멈춰 있었는데 초록색 자동차가 그냥 꽝하고 박아버리더라구요.
20953	39585	5	네?
20954	6027	5	아주 대단한 정보를 접했구만.
20955	5937	3	어떤…?
20956	39263	2	앞으로 어떻게 하면 좋을까요? 그냥 탈까요?
20957	56256	7	"저도 요즘 건강하게 먹으려구 저염식으로 먹고 있어요.	 할머니 드시는 거랑 비슷해요. 적응하시면 간장 없이도 맛있어지실 거에요."
20958	15061	4	정말…...너무 안됐다. 그럼 장례식 하겠지? ...오빠도 장례식 가겠네?
20959	46373	2	이빨 두 개 합쳐서 이백.
20960	1294	6	그냥 다른 남자 애들 한테 빌려봐.
20961	74777	3	"짜고, 쓰고, 떫고. 	 좀 익으면 시어 터지고."
20962	14803	1	아니, 진짜라니까. 진지하게 좀 들어 봐.
20963	47091	5	3시 40분!
20964	77804	6	나한테도 베트남인가 동남아 어딘가 간다고 그랬어.
20965	38565	3	형사 처벌이 진행되면... 세훈이한테도 큰 문제겠죠.
20966	41098	4	아… 안되는데…
20967	32316	4	저 요즘 너무 걱정이에요. 애들이.. 반 분위기가 너무 심각하거든요.
20968	35463	0	아 몰라~! 진짜 짜증나.
20969	71439	7	 여~ 좋은 아침.
20970	42731	3	여기가 동네 구멍가게도 아니고, 그게 되겠냐?
20971	576	6	아… 힘들어
20972	71639	7	어.
20973	53876	5	애기집? 왜? 문 다시 열라고 해.
20974	8858	6	그건 싫지만. 애기들이 머리 휘황찬란하게 하고 다니는게 어색해.
20975	12731	5	배달대행업체서 오신 거 아니에요?
20976	37484	3	너무 많은게 안 되잖아요.. 밑반찬 집어 먹은건 죄송해요. 저도 이럴 줄 몰랐죠.
20977	44442	1	알겠습니다. 안녕히 계세요.
20978	11029	3	그게 뭐야?
20979	59386	5	네?
20980	29869	7	근데… 사위가 외국인이면 어떡해? 한국말을 못해서 가르치기 힘들 텐데.
20981	73041	7	이번에 아빠 오시면, 여행 가기로 했잖아.
20982	38195	2	시체 같아…!
20983	73467	7	"주말에 날씨 좋을 때 한 번 가봐야겠어요. 	 이제 완전히 가을 날씨네요."
20984	12539	4	제목이 꼭 그렇죠?
20985	59076	0	야. 너 물 한번 갖다 주면서, 인신 공격까지 하기야?
20986	63157	5	무슨 영화길래, 하늘을 난다는거니?
20987	30572	3	엄마가 형 때문에 너무 힘들대! 형이 맨날 말 안 듣고 공부도 안 해서!
20988	79085	6	아니요! 아니요! 아니요! 괜찮습니다!
20989	18535	1	고모 나 배고파.
20990	8262	6	더 이상 살아갈 의욕이 없다. 직장에서도 짤리고, 만나는 사람도 없고...
20991	55908	5	이사? 어디로?
20992	38944	0	누가 먼저 반말했어요?!
20993	30472	1	응, 그게 제일 중요해.
20994	33994	4	니 할아버지 아직 안 죽었으니까… 너무 걱정하지 말고.
20995	865	6	그쵸? 너무 신경 쓰여요.
20996	53727	6	에이. 그러지 마. 괜히 비싼데 돈 쓰고.
20997	55897	7	그래? 예솔이도 그러고보니 영어를 잘 한다고 했었구나.
20998	15255	0	아.. 그러니까요. 이번엔 제가 두 세번 다시 확인하려고 해요.
20999	43126	2	픽션이라 해. 어차피 만환데.
21000	38308	1	네.
21001	45762	4	"인생이 조금 돌아가는 게 실패는 아니야. 알고 있지? 	 누구나 넘어져서 잠시 쉬는 시기가 있어.  너는 그저 남들보다 조금 빠르게 겪는거야. 알지?"
21002	55625	6	팀장님. 원룸사건 용의자 아직도 영장 안떨어졌어요?
21003	68869	4	걔가요...
21004	54710	2	열한 시.
21005	2341	7	네. 전 한참 전에 왔거든요.
21006	9068	5	 오빠 오늘 결혼기념일 아냐?
21007	33437	1	번호표 주시고요. 무엇을 도와드릴까요.
21008	59575	5	"테이크아웃? 여기서 먹으면 안된다고? 왜??	 그럼 어디서 먹어야 되냐?"
21009	49945	7	부엌에 계세요.
21010	42341	3	아, 니 형제 관계를 내가 어떻게 알아?!
21011	36709	1	누가 너 보고 적금을 들래?
21012	1821	7	요즘 삼겹살 가격이 좀 올랐다던데. 비싸려나?
21013	63101	5	그걸 지율이라고 하는 거에요?
21014	8121	7	효과가 있었어요?  그런데 실장님은 이런 거 복용할 필요가 전혀 없어 보이시는데.
21015	37993	2	사장님도 자녀가 있지 않습니까? 제 아이들을 생각해서라도, 이번 기회 진지하게 생각해 주십쇼.
21016	11720	5	성적표를 바로 가져오다니.. 잘 나왔어?
21017	4671	3	아  그렇죠 그렇네
21018	68057	4	 어쨌든… 이미 일어난 일인데.        화를 내서 뭐해. 아무튼, 엄마도 나한테 잘못한 거 있으니까,       쌤쌤으로 치자.
21019	29993	1	그럼 우선 분실 신고를 도와드릴게요.
21020	19311	1	네! 최선이에요!
21021	40165	5	응. 매표소에 할아버지가 있더라.
21022	5405	0	엄마가 뭐라고 했어? 숙제하고 놀랬어 놀고나서 숙제하랬어!
21023	28733	2	아니에요.. 아니에요..  제가 잘못했어요 아빠..
21024	25255	2	불안하네.. 항상 자리에 안 계시니까..
21025	44276	4	점심 뭐 먹을래?
21026	16690	0	먹는 건 좋다 이거야. 다만 오만원이라도 챙겨주려는 마음이 있어야지, 식구들 주렁주렁 달고 오면서 어떻게 빈손으로 올 수가 있어?
21027	47740	3	에이. 지금 보니까 별론데? 몸도 별로고.
21028	56799	6	그러니까. 마산댁은 아직 70대잖어. 아직 어려서 그렇지 뭐.
21029	45437	5	싫어. 고양이한테 생선을 맡기지.
21030	54292	6	나는 족발 싫단 말이야.
21031	27222	3	야 너는 여자애도 아니고, 그게 뭐냐.
21032	39593	5	네? 지금 저보고 두꺼비라고 한거예요?
21033	46763	5	뭐 그냥. 같은 반인데. 왜?
21034	61978	6	착하고 자상하고 가정적이야.
21035	56359	6	다 늙은 노인네한테 오백원 깎아먹고 싶어? 심보가 못 돼 쳐 먹었구만.
21036	71921	4	….잘 안 되니까 지금 이렇게 힘든 거잖아.
21037	14920	0	그러니까. 사람은 사람으로 잊는 거라고. 넌 그런 말도 모르냐?
21038	15089	1	이제 한 500일쯤 됐어.
21039	39425	0	제가 두 눈으로 저기서 똑똑히 봤는데 왜 거짓말하세요?
21040	73271	7	아까 얼마 나왔죠?
21041	75095	2	아저씨…. 제발. 아저씨 자녀분들 생각해서 저 좀 봐주시면 안돼요?
21042	61630	0	아니! 삼촌 진짜 너무한 거 아니야?  하나뿐인 조카 생일도 몰라?
21043	60111	4	그런 놈들이 어떻게 교장이 되는지 모르겠어. 눈치도 없어가지고.
21044	17033	1	우리 집이 이사를 가야 하는데 말이야.
21045	75519	2	눈이 없었어요. 두 눈이 움푹 파여서 까맸어요.
21046	185	6	아니, 점심시간이라 다른 식당도 다 사람 많을 거 같아. 여기서 기다리자.
21047	9466	5	너는 내가 좀비 되면 어떻게 할건데?
21048	61266	4	네….
21049	34638	0	다 걸고?
21050	52129	5	그래.
21051	31460	4	돼지갈비 먹으러 가서 셋다 배터지게 먹었으면 좋겠다.
21052	9520	6	그건 그래. 오빠가 설거지는 기가 막히지.
21053	71854	2	그럴 용기가 없었어. 애들 눈치도 보이고.
21054	12218	5	어디서요?
21055	63517	4	그래? 우리 소율이가 많이 힘들었겠다. 선생님이, 반장은 그런 일을 하기 위한 게 아니라고 애들한테 말해보는 건 어떨까?
21056	50701	0	그럼 나 독서실 끊어줘.
21057	60360	0	 학생이 돈 쓸 일이 어딨어?
21058	50206	3	그러다 또 종현이보다 작아지겠네. 종현이는 편식도 안 하고 밥도 잘 먹는다는데.
21059	8554	7	여기가 어디야? 반짝 반짝 하네
21060	64965	4	그렇게 오래됐냐? 나는 이제 늙어가지고 시간이 지나는 것을 잘 모르겠어.
21061	61534	5	 헤에? 쌤 모쏠이에요?
21062	58848	4	아니 말 못했어.
21063	64136	0	뭐? 김다희 너 이리 안 와?
21064	45719	5	물렸어??? 어디 물렸어.
21065	20622	1	이번에 서울에 새로 아쿠아리움이 문을 열었다고 하던데. 뉴스에서 봤어?
21066	13809	4	어릴 땐… 이런 생각 잘 못했는데.. 요즘은 손주가 생겨서 그런가? 이런 생각을 부쩍 많이 하게 돼.
21067	69154	3	 알아서 다 해.
21068	77463	6	숙제를 하고 싶을 땐 없을 거 같은데?
21069	50890	0	"거의 성인이면 니가 돈 벌어서 나가 살아. 자기 앞가림을 할 줄 아는게 성인이지.	 그리고 너 이런 식으로 살면 나가 살아도 금방 망하겠다."
21070	56795	5	내가? 이사 가면 어떡해?
21071	78096	6	"그걸 왜 못하게 해.	 사우나에 걸어놓으면 금방 마르는 것을."
21072	23027	1	응. 너한테 2호점 내준대?
21073	78864	2	"아… 내가 어떻게 하면 될까? 	좀 쒀줄까? 주중에는 좀 힘들 것 같고, 주말에?"
21074	61360	4	뭐 사람마다 다르긴 한데, 나는 중요한 것 같은데?
21075	30405	1	아기물개반 다음이 해마반이야?
21076	38904	0	미쳤습니까? 내가 당신을 왜 그리워해요? 우리 엄마를 그리워했다구요! 아들밖에 모르던! 가족 밖에 모르던 우리 어머니를요!
21077	13042	1	호텔이랑 렌트카 전부 예약했어.
21078	31160	1	늦은게 어딨어?
21079	71595	3	뭐야. 나한테 왜 짜증이야. 너 뭐, 생리라도 하냐?
21080	22075	1	그런건 진짜 드문 일이야. 만약 다친다고 하더라도, 상어에 물리는 그런 사고보다는, 안전 사고가 더 많지. 다른 사람 보드에 허리를 치인다든지…
21081	39423	5	왜 남의 물건에 막 손대고 그러세요?
21082	45442	3	뭐래. 완전 꼰대.
21083	15163	5	아, 그래? …. 그렇게 하기로 결정한거야?
21084	5355	0	그러게나 말이야. 자기네 가게 앞은 자기들이 알아서 한다면서, 당번 정해 청소하는 일에 쏙 빠졌다구, 거기 꽃집하는 미경이네가 뿔이 나서 말하더라구.
21085	44895	5	네?
21086	27385	7	돈이 없긴 없는데, 꼭 필요해서 샀지.
21087	46126	1	엄마, 상견례 말이에요. 식당을 어디로 잡을까?
21088	43496	1	그리고 자율배식이잖아!
21089	64189	5	너무한 건, 너다 너. 아빠는 명확히 말했고,  지켜지지 않을시, 바로 용돈 삭감 들어갈테니까, 그렇게 알어.
21090	55497	5	 그게 무슨 말이야?
21091	56430	7	오래 하네.
21092	30272	3	그런 쓰레기들은 도대체 왜 사는지 몰라. 걔 아마 학교도 땡땡이 쳤을 걸.
21093	55429	5	 아… 네. 그래서요?
21094	7431	0	강인아.. 조용히 해. 다른 쪽에 앉은 사람들이 들으면 시끄럽다고 해. 아빠까지 욕 먹는다.
21095	56215	7	어. 미리 가서 먹어봤는데, 맛은 괜찮다나봐.
21096	43272	5	진짜? 그 부동산 아저씨랑?
21097	19615	7	네. 근데 저 스타빈 아니면 커피 못 마셔요.
21098	36782	4	네… 사실은 세정이랑 싸웠어요. 그래서 학교 오기 너무 싫었거든요.
21099	35505	3	그게 뭐야? 이해가 안된다.
21100	68568	4	네… 그럼 아버지한테 말씀은 드릴게요.
21101	28068	3	맨몸으로 하면 힘들잖아. 저걸로 하면 딱 허리를 잡아줘서, 훨씬 하기 좋아.
21102	51888	5	아 맞다. 할머니 천재다.
21103	50267	7	 네! 그럼 제가 심부름 안 가도 되는 거잖아요!
21104	75299	6	괜찮아요. 그냥 가주세요.
21105	46394	1	좀 늦게 시작한다고 생각하…
21106	9621	6	왜 이렇게 웃어.. 사람 기분 이상하게.
21107	61392	4	아…큰오빠였으면 빌려 줬을텐데…
21108	40007	3	아우, 구차하게 왜 이러세요. 그냥 서로 좋게 좋게 해결 봐요.
21109	12300	1	뭐 하나 물어봐도 돼요?
21110	69708	4	아니요.. 한 번밖에 말 안 했어요.
21111	67726	4	"집에서? 	밥도 해먹고, 꽃에 물도 주고, 테레비도 보고 그러지?"
21112	39628	5	막 가져다 붙이시네. 저. 솔직히 선배한테 좀 실망이에요.
21113	22210	1	남자 친구가 방귀를 뀌면, 너도 뻔뻔하게 방귀를 내지르라는거지.
21114	43584	1	너 미국 가는 거 어떻게 됐어?
21115	30840	4	에휴…
21116	55679	6	정 보좌관한테 연락해서 간담회 끝나면 내가 의원님 찾아뵌다고 연락해놔.            보도자료 잘 준비해놓고.
21117	48654	2	알았어. 다음부터는 집에 오면 나 깨워. 언제 왔는지는 알아야 할 거 아니야.
21118	26832	2	그.. 그거.. 그러니까.. 제가 전부 다 마련하지는 못했고요..
21119	2285	3	음…일단 생각을 좀 해보고 또 연락 드려도 될까요?
21120	1491	3	 내 거에 페어링 해볼까? 뭐야! [어스팟]이잖아!
21121	27999	3	와… 사람이 아니다. 사람이.
21122	60112	0	다 어디 빽으로 되는거죠. 우리같은 평교사들이야 점수 쌓느라 빌빌대야 하지만.
21123	6863	0	수학 진짜 하기 싫어.
21124	3126	3	왜 놀라?
21125	29422	7	만약… 하게 된다면 그렇죠.
21126	79311	6	그 때 그 사람이구나.
21127	71295	7	그래서, 맛은 있었어?
21128	11966	1	나 지훈이랑 헤어질려고.
21129	15057	5	왜? 무슨 일이야..?
21130	71531	7	어. UFO 캠프.
21131	39306	2	부모 마음대로 흘러가는 자식이 어디 있겠어요…
21132	38952	0	내가 그걸 모를 거 같아?!
21133	53010	3	그지. 김대리도 남자라고 하는데 뭔가 이상해.
21134	9560	5	어, 거기, 찬욱이네 이모가 하는 데라고 했는데? 거기서 본 거야?
21135	22084	2	응.
21136	35417	1	엄마, 이 사진 속 사람이랑 지금도 친구야?
21137	63781	5	그러면 반대쪽으로 오면 되잖아요?
21138	39550	1	아 연장했어요.
21139	54834	6	어허. 어른이 권하는 거 그렇게 거절하는 것도 실례야.
21140	30212	1	수업 몇 시부턴데?
21141	61353	3	에이 코 묻은 돈 뜯고 싶냐?
21142	7370	5	오오. 우리 강인이 똑똑하네. 근데 백신이 아직 개발되지 않은 병도 있고, 백신으로도 한계가 있는 병도 있어서, 모든 병에 다 예방주사를 맞을 수는 없어.
21143	78697	6	우리 나라를 자기 부하로 만들었다는거야.      그래서 일본 사람들보다, 한국 사람들을 못난 사람 취급하고.       이유 없이 때리고, 괴롭히고. 그랬지.
21144	50396	0	몸에 안 좋잖아.
21145	40094	2	연락 받으실만한 분 계세요? 가족이나 친구분이나..
21146	73987	2	아니, 그건 아는데, 주방에 희재도 있잖아요.
21147	44323	1	응?
21148	25685	1	넌센스 퀴즈 같은 거야?
21149	3656	4	기운 내. 내가 아는 세형이는 이 정도로 기죽을 애가 아니잖아! 우리 아이스크림 먹으러 가자.
21150	18853	3	안 하면 안 되는 숙제야?
21151	72325	3	텔레파시... 
21152	49435	0	노후에 좀 쉬시면 어때요. 쉬실 나이시고. 계속 무거운 거 끄시다가 건강 상하세요.
21153	47736	3	야 누가 고딩들 노는걸 찾아보냐.
21154	45781	5	너 고모한테 용돈 받았어?
21155	16979	1	그러지 말고 같이 가자. 필요한 건 내가 다 준비 할 테니까.
21156	71744	4	나도 알아.
21157	73206	7	아니 거의 다 했어. 이제 10분이면 끝날 것 같아.
21158	8464	6	그래서 이거 사진을 어떻게 첨부하는 거야?
21159	37584	0	이게…?!
21160	74186	7	근데 요즘 PX에 이것저것 많이 들어오지 않냐?
21161	11949	4	누나가… 너무 진지해 보여서 말을 못했는데… 진짜 맛 없었어. 나 그날 체했어.
21162	51389	5	갑자기? 방금까지 군대도 못 보낼 거 같다더니   너도 어릴 때 사고쳐서 일찍 낳아버리지 그랬어.
21163	44547	1	얘 다시 보여줄게.
21164	18739	7	너 이모를 놀려?
21165	20907	1	그래, 할머니가 말 했잖아, 별거 아니라고. 금방 다 나았다니까, 정말 잘 됐다. 앞으로는 아이스크림처럼 차가운 음식 먹을 때 조심해야해. 여름에는 배탈 나기가 더 쉬우니까. 알았지?
21166	60280	3	그래서 그냥 니가 뽑았어? 어떻게 뽑았어?
21167	52985	6	그니까. 안 그래도 못 먹어서 승질나 죽겠는 사람한테.
21168	10521	3	아빤 짠돌이야!
21169	59884	4	"조금 부럽긴 하네. 	우리 성호는 언제 장가가서, 이런 손주 딱 안겨주려나."
21170	15484	0	지금 이게 죄송하다고 해서 해결이 될 문제인가요? 예? 말씀해 보시라고요!
21171	71928	2	….세아야.
21172	15624	1	그러니까… 자, 이제 무슨 일이 있었던 건지 차분하게 차근차근 말씀 해주시면 됩니다.
21173	76061	6	지훈이 너… 선생님이 모를 줄 알았어? 지훈이 어머니께서 전화 왔었어. 지훈이 공부 잘 하고 있냐고.
21174	8696	7	그래.. 솔직히 한 판은 다 못 먹겠고 반 판은 먹을 수 있어
21175	55415	6	네. 죄송해요 선생님. 아무튼 그래서 제가 그 놈들 다 한 대씩 패줬어요.        사진도 삭제하고요.
21176	54811	2	그러니까 갑자기 왜....
21177	59355	5	대흥이 아저씨랑 아빠랑 친하신 거 아니었어요?
21178	39031	4	아들 있는 놈은 딸 있다고 부러워하고, 딸 있는 놈은 아들 있다고 부러워하고.
21179	50476	2	….네. 그냥 뭐.
21180	51177	5	우리처럼 어디를 올라가?
21181	74484	6	 그...그래. 알았어. 뭐라고 안 할게.       대신 좀 자세하게 좀 말해봐. 어쩌다 그랬어?
21182	38244	0	누구야! 바른 대로 대답해!
21183	14251	5	근데 무슨 내용을 적지?
21184	37186	4	니가 창피한게 아니라... 니가 윤성 선배 한테 전화하면 창피해지겠지...
21185	38715	2	맞어. 이제 벌만큼 벌었다고 느긋하게 살겠다는 거지 뭐.
21186	14986	1	지나간 일이지만 아마 평생 갈 추억일걸?
21187	74387	6	 그래, 어쩐 일로 왔어?
21188	34457	0	저희 엄마가 얼마나 천사같은 사람인데…
21189	46061	1	아냐. 명호 왔지. 명호.
21190	56793	5	아이구 언니. 경로당엘 가야 할배들도 만나고, 친구도 만들 거 아니야.
21191	4684	4	아.. 그럼 저희 매장에 다시 오실 일은 없으신가요?
21192	50828	3	 세현이 아줌마한테 얘기하면 어떡해요? 아 진짜.
21193	36644	4	너무 힘들었겠지?
21194	5680	4	그렇구나
21195	65641	4	나 밥 먹고 싶은데...
21196	28489	2	아니 아빠. 이거 아니잖아 진짜...
21197	71692	3	뭐?
21198	78209	2	"아니, 남자애들은 좋아하는 여자애한테,        	어떻게 좋아한다고 표현해야 할지를 몰라서      	 그렇게 괴롭히기도 하거든."
21199	63131	0	아 뭐에요!
21200	64148	0	" 저게 누굴 닮아서, 저러고 다니는 거야.	 저런 게 대체 어디서 나왔어. "
21201	46117	5	아, 혹시 동남아 쪽으로 가는 것도 있나요?
21202	66031	0	아이고, 그런 얘기 그냥 만나서 하면 되지.
21203	67255	4	그게 좋은거다 얘.
21204	12289	1	아.. 네. 맞습니다.
21205	41739	4	미안하다, 야…
21206	61412	0	         난리세요? 너 지금 선생님한테 말 버릇이 그게 뭐야?
21207	28236	7	큰 결정 내린 거니까.
21208	38635	2	어떻게 모른 척을 합니까. 수사가 들어오는데…!
21209	7459	5	 뭐?
21210	1150	6	실망이야.
21211	5708	4	아.. 어린이는 커피를 마시면 몸에 안 좋아요
21212	30690	4	 그래도... 나는 엄마가 다시 행복해진 거 같아서 좋은데. 형은 안 그래?
21213	6723	3	네가 지금 아이스크림을 먹어야 되는 이유 세 가지만 들어 봐.
21214	38634	2	일단 제 번호 지우시구요, 선생님은 그냥 모른 척 하고 계세요.
21215	43153	2	 야, 성호 죽었잖아.
21216	73942	2	그것 때문에.
21217	45506	4	동생은 성격이 좀 어때?
21218	59270	2	현아는 대학생이라 올지 모르겠네. 형진이는 오지 않을까?
21219	78031	6	"잔말 말고, 엄마가 지금 영어학원도 알아보고 있으니까,	 너네 친구들 좋다는 데 있으면,  엄마한테 바로 말해. 알았어?"
21220	72656	3	"자기 우산은 자기가 알아서 챙겨야지.	 오빠가 애야?	 준호오빠랑 어떻게 이렇게 달라?"
21221	55424	7	어.. 그래. 너는 뭐 워낙 잘 하니까.
21222	35157	4	그럴 수도 있고. 아닌게 아니라… 요새 진짜 운동 부족이야. 조금만 걸어도 숨이 차.
21223	74331	6	그거야 뭐 좋은걸 맨날 바르니까 그렇지.        너도 이제 스무살 넘었으니까, 피부 관리 잘 해야지.
21224	10986	5	공포 영화도 잘 봐?
21225	49250	7	후라이드 치킨.
21226	47433	0	너 용돈은 다 어따 쓰고.
21227	38060	0	나를 죽일 셈이 아니고서야… 통짜로 부러진 날을 음료에 담아 줄 수가 있냐?
21228	58964	5	나? 아냐 됐어. 나 얘네 안 좋아해.
21229	50285	7	있다 아빠 오면, 아빠한테 말해 봐. 아빠~ 진명이 방 생기게 돈 더 많이 벌어오세요~
21230	51905	5	유치원 선생님이에요?
21231	30346	1	생각해 봐. 우리 엄마랑 아빠는 둘 다 운동을 잘 하잖아.
21232	53468	6	" 원철이를 빼면 원규도 같이 빠져야 되는 거 아니야.	 야. 원규가 내 고등학교 동창인데~ 내가 어떻게 그래. 난 못 해."
21233	37514	3	어차피 손님 아무도 없네요!
21234	39693	5	제가 잠깐 다른 생각을 하느라… 흐름을 좀 놓친 거 같은데 어떤 맥락으로 하시는 말씀이신지…
21235	67800	4	네... 괜찮아요.
21236	14634	1	응. 난 일년에 세번도 안 울어.
21237	4558	0	다 드셨으면 그릇을 시키신 데 앞에다가 둬야죠  아 이거 없어진거 같은데
21238	18548	7	진짜 개짱이야!
21239	54946	7	니네 아빠가 워낙에 일찍 자잖아. 그 때 심심하니까 봐야지.  아 맞다. 나 그거 이번에 새로 시작한 사극도 다운 받아주면 안돼?
21240	44897	5	아… 그걸 보셨구나.
21241	29353	7	내가 뭘 도와줬다고.
21242	8708	6	급식을 받아놓고 다 버려?? 왜 점심을 안 먹어?
21243	46081	1	밥은 어디서 먹을건데?
21244	46102	5	금간 게요?
21245	14665	5	주판이 뭔데?
21246	7567	0	실습 끝나고 수도 확인도 안하고 그냥 가면 어떡하냐?
21247	45945	5	화력발전소… 아, 그래서 지금 물의 흐름이 막힌 것 같은 느낌이 드는구나. 지금 보면 기운이 흘러야 하는데 다 증발하고 있어요.
21248	31569	1	응. 근데 원신이는 그 고릴라 어떻게 생겼는지 몰라?
21249	27244	3	미역국 삼촌이 끓이면 되겠네. 어차피 집에서 아무것도 안하잖아.
21250	74306	7	그래요, 이력 훌륭하네. 논문도 봤어요. 석사 논문치고 인상적이던데.
21251	60003	4	형. 딱 한번만 더 도와주라.
21252	55603	6	하아… 그래요…
21253	70747	4	또 차였다면서.
21254	24326	3	느끼해.
21255	75777	6	"엄마가 형한테 얼마 준다고 그랬어? 	10만원?"
21256	63087	5	아니요? 이거 어디 나라 말이에요?
21257	47512	0	 97년 생은 소띠에요. 이 미성년자 자식아.  당장 안 꺼지냐.
21258	11304	0	어떤 놈이 그런 말도 안 되는 소리를 해?
21259	24962	2	그래도.. 너 독립하면 그 때부터 돈이 얼마나 새는 줄 알아? 자리 잡을 때까지 그냥 엄마 아빠랑 살기로 한거 아니었어?
21260	46474	5	아 진짜? 타고난 건 줄 알았는데?
21261	74051	7	그렇죠?
21262	14976	1	동아리에는... 이번에 1학년 후배들 새로 들어왔지?
21263	53843	6	 아아. 그럼 나 그때까지 뭐 해.
21264	50568	0	어우. 그걸 꼭 지금 봐야 돼? 밥 다 식겠다.
21265	77012	6	"옛날에 여기 살던 언니가, 죽었잖아요.	 그래서 아줌마 아저씨 다 이사갔다고 그러던데."
21266	45694	4	우리 반에 병준이라고 알지.
21267	40530	3	너 내가 경찰 부른다?
21268	13203	4	그냥. 나도 우리 아버지가 많이 무심했거든.
21269	1245	6	너 뭐 먹고 왔냐? 깔짝대다가 말어 남자애가.
21270	1398	6	 무무한테 무슨 일 생기면 너 죽을 줄 알아.
21271	72252	7	"근데 어떻게 이렇게 빨리 왔어요?	 빠르기도 하지."
21272	51812	5	엄마가? 어디 놨을까?
21273	18457	3	개꿈이잖아!
21274	27929	2	요금제는?
21275	37023	0	어떻게 할거야! 책임져!
21276	65110	0	"뭘 기억이 안나. 	어머니 돌아가셨을 때 니가 몇 살이었지?"
21277	1499	6	아퍼! 왜?
21278	37496	0	제가 가는 길을 막고 문을 잠궈야 못 나가게 하는거에요? 밑반찬이 값이 나가네 어쩌네 하면서 사람 무안 주는 것도, 막는거 아니에요?!
21279	54883	6	너 지금 신는 거 있잖아.
21280	56275	3	"잔이 여러 개구만. 혼자 마시기는. 	 설마 또 화투판 벌인 거 아니지?"
21281	34730	4	형… 그럼 친구가 없어서 책만 본 거야? 우리반에도 그런애 있는데… 박지윤…
21282	13051	1	응. 가족도 너무 소중해.
21283	26787	2	네.
21284	55447	6	뭐긴 뭐야. 사는 게 힘들어.
21285	12355	1	힘들게 익혀야 진짜야.
21286	40781	3	엄마가 여기에 맡기신게 확실하대?
21287	35489	4	뱀파이어는, 사랑을 할 수 없는 불쌍한 존재인거지!
21288	62148	6	" 그건 또 그러네.	 할 생각은 있긴 한 거야?"
21289	2077	7	어서오세요, 오랜만에 오셨네요?
21290	76983	6	그게 아저씨 일이니까!
21291	15416	1	왜? 니가 그렇게 화내니까 갑자기 너무 궁금하네.
21292	68307	4	네.. 바로 드릴게요.
21293	46750	3	아니거든. 그냥 아는 선배거든.
21294	74391	6	미래가 안 보여.
21295	9023	6	도쿄 얼마전에 다녀 왔잖아.
21296	37645	4	아….
21297	69052	4	안 도와주셔도 괜찮아요. 저 알아서 해결할 수 있어요.
21298	46720	1	그렇지 않을까?
21299	27734	7	우리… 그럼 빙수 먹으러 갈까?
21300	947	6	소스도 다 부어져서 나와서 눅눅했어요
21301	8846	7	청도. 요즘 거기가 비행기 값이 싸대
21302	73574	7	"	그래주면 고오맙지! 나 남자 좀 잘 만난 것 같아. 완전 땡잡았네?"
21303	46045	1	뭔 충? 뻐 카 충?
21304	1775	3	 야! 너 장난해? 엉덩이 좀 들어 보랬다고 진짜 엉덩이만 쑥 들고 있는 거니?
21305	46151	1	둘쨰는, 음 와이프가 일 시작한 지도 얼마 안됐고.  지금은 좀 때가 아닌 거 같애.
21306	60838	3	에이 지금은 준비된 것도 없고, 부끄러워서 안돼요.
21307	38541	4	네. 간병하는 데 드는 돈이 아까워서, 따로 간병인 두는 거 어렵게 생각해요.
21308	34867	1	수염? 당연히 나지.
21309	11118	0	안 삐졌다고! 왜 자꾸 그래.
21310	24280	1	아니야. 내가 TV 에서 봤어. 목 건강에 제일 안 좋은 베개가 할머니거 같은, 높고 딱딱한 베개랬어.
21311	40259	5	네? 아.. 일단 제가 한 번 만져볼게요.
21312	79130	6	"나, 아까부터 왔지.	 오빤 왜 이제와."
21313	56412	7	응. 아직 덜 익었는데, 며칠 있으면 맛있을거야.
21314	75109	2	아이고….
21315	22454	3	그래. 3년이면 충분히 쓰겠지?
21316	7125	5	뭐…? 좋아하는 애가 생겼다고? 여자애?
21317	36653	1	그냥 할아버지한테 물어보지 그래?
21318	46085	5	엄마, 말에 모순이 있는 거 아니야?
21319	40015	3	아.. 질척질척 짜증나.
21320	12280	5	시나리오 전공 하셨네요.
21321	45248	4	그러지 말고 한 번만 몰아보자. 내가 언제 또 이런 차 타보겠냐.
21322	62429	4	"누나가 그걸 얘기했어요? 아 참, 누나도 주책이네. 	 뭘 그런 걸 아버지한테 쪼르르 와서 얘기하고 있대."
21323	10973	3	어. 왜? 부러워?
21324	13766	3	요즘 당신 좀 변한거 같아.
21325	39494	3	무식하고, 무능력한 머스마라 자격지심 느끼니?
21326	2282	7	개그맨 박유미씨랑 먹방하시는 김태양님도 저희 회사 소속이세요.
21327	54234	6	알았어. 말한다는게 아니라. 걱정돼서.
21328	31787	1	엄마 아빤 아까 마트 갔잖아.
21329	16819	0	저런… 그런 일이.. 희천이 그 친구, 원래 심장이 안 좋았나…?
21330	2684	4	우리 노래방 오늘까지 거던.
21331	5914	3	무슨 생각으로 이런 걸 써와?
21332	74346	7	좋은 친구들이 있다는 건, 네가 좋은 사람이라서 그런거야.
21333	65471	0	원래 세상은 불공평한거야.
21334	75805	6	"엄마 살아계셨을 때도 나 똑같았거든? 	신경 쓰지마."
21335	25734	3	왜?!
21336	64756	0	사기꾼이 아니라 먹는 내가 느낌이 다르니까 그러지.
21337	5869	4	 밥 먹으러 가자.
21338	19303	3	참... 선배는 술맛 잘 아셔서 좋으시겠어요~
21339	41532	2	사장님이요…
21340	78464	6	"아까 밥도 별로 안 먹었는데 	진짜 괜찮아?"
21341	62319	0	뭐야 답정너네. 알았어. 엄마 먹고 싶은대로 가.
21342	78522	6	아빠가 할머니 요양원 보내자고 하던데..
21343	8292	6	너 마케팅팀 김은혜 대리랑 무슨 사이야?
21344	19449	7	음… 아니에요. 그런건. 근데 그냥 돈으로 주시면 더 좋을거 같긴 해요.
21345	74752	6	왜 이렇게 빨리 집을 내놨대?
21346	37349	0	뭐…? 이게 아주…?!
21347	25221	1	그럼 그렇게 얘기하지 그랬어. 왜 금요일로 정했어? 누가 토요일이 안 되는 사람이 있었어?
21348	55217	6	 그냥 따라와요. 대명관까지 데려다줄게요.
21349	7457	5	팬다고?
21350	76075	6	그건 알지만.. 그러면 외국인들이 한국어를 배우면 되는 거잖아요?
21351	12317	1	아 그럼요!
21352	39139	3	아니긴 뭘 아니야? 뻔하지.
21353	57834	5	왜? 우리 아빠는 친구라고 했는데?
21354	15561	0	보셨는지 모르겠지만, SNS에도 많이 올라가 있거든요. 그거 알바 쓴 거 아니고 다 100% 진짜 후기에요.
21355	34546	0	그게 무슨 말도 안되는 소리야. 지금 니 나이에 공부하고 키크고 해야 할 일이 얼마나 많은데… 고작 살을 빼겠다고 탄수화물을 제한해?
21356	45424	5	뭐..뭐하는거야! 핸드폰 바닥에 버려! 
21357	49301	5	 어 할아버지! 뭐 필요하세요?
21358	34658	4	피자 먹고 있는데 미미 오면 어떡해?
21359	36810	4	그래. 너희들만 그런 게 아니라 어른들도 그렇다니깐? 쉽게 서로를 오해하고. 그러면서 싸우고.
21360	43558	1	글쎄. 없을걸. 요즘 집에 먹을 게 없어.
21361	16910	4	자네 손주 재롱을 못 봐서 아쉬워.
21362	49591	5	너 걔 좋아해?
21363	22438	3	아빠가 그런 말을 입밖으로 내겠어? 아빠는 엄마가 계란 껍질로 요리를 해줘도 잘 먹을 사람이라고!
21364	22294	1	응.
21365	6656	0	왜? 이모가 도와 주러 오는 게 싫어?
21366	50985	5	네 무슨 일이시죠?
21367	44505	1	왜애. 무슨일인데.
21368	71782	2	그러게. 그럼, 무서운 얘기나 할까?        대나무숲 하면 무서운 얘긴데.
21369	64249	5	진짜? 나 엄마한테 물어본다?
21370	26435	2	음… 아니야, 아니야. 아니야. 사. 사자!
21371	30124	4	<은혜 갚은 고양이>라는 동화책을 읽고 감상문을 썼는데, 그 이야기가 너무 슬펐어.
21372	24393	2	 음… 이게 무슨 맛이지.
21373	14686	1	응. 외국 애들 봐봐. 어릴 때부터 커피 많이 마시는데, 키도 엄청 크잖아.
21374	6834	4	맞아. 나 발차기도 잘하고 다리 찢기도 잘 한단 말이야. 내가 먼저 검은 띠 따고 싶어.
21375	31289	1	저번에 니가 친구 삼촌 얘기해주고 나니까 나도 문득 궁금해지더라고.
21376	3696	4	음... 그건 일단 합격부터 해 놓고 생각해 봐야 하지 않을까? 무슨 과든지 상관없으니 일단 정민대학교에 들어갈 수만 있었으면 좋겠다.
21377	46399	5	알겠습니다. 다용도실이 저 쪽인거죠?
21378	58029	3	너는 아직 철이 덜 들었어.
21379	59180	4	고맙다. 늙은이 식사 까지 챙기고.
21380	7822	0	그냥 해도 된다니까.
21381	52452	5	식도염이요?
21382	20258	3	그 정돈 아닌데….
21383	17121	1	요샌 세월이 참 빠르다니까.
21384	46673	2	아고. 야. 그럼 죽 먹으러 가자.
21385	24947	3	뭐…? 누구? 회사가?
21386	2568	7	 무서운 거 잘봐요?
21387	10089	5	정말요? 어디에 좋은 꿈인데요?
21388	50860	0	넌 공부도 안하고 허구헌날 게임만 하고 앉아서 엄마가 부탁하는 거 하나를 못들어줘?
21389	73296	7	 저 그럼 지금 엄청 영광이네요?
21390	11715	1	근데… 안 가는 것 보단 좋은 거 같아… 재수, 삼수 하는 애들 보면…으... 사람의 모습이 아니야.
21391	65665	4	그래. 이따가 다시 올게. 엄마한테 지금 꼭 물어봐줘.
21392	55687	6	지금 언론의 자유를 침해하고 계세요.
21393	62177	4	너 요즘 밥 사먹을 돈은 있어?
21394	72473	7	수학여행 갔는데..
21395	37021	0	이럴거면 집에서 수학학원 숙제나 할걸 그랬잖아! 괜히 언니가 데려온다고 해서 기대하게 해놓고!
21396	55780	2	아빠 없는 애들 만들기 싫으면 몸 관리 좀 하세요. 이제 40대 초반이 벌써부터 이러면 어떡해요.
21397	19483	7	네. 남동생 하나 있어요. 남동생도 말 잘 듣고 착해서... 제 행운이죠.
21398	39270	2	음 이번에 정기 검진 했겠네? 공단 다녀왔지?
21399	78745	6	뭐? 그런걸 엄마랑 같이 봤단 말이야?
21400	31262	4	지금은 그럼 다 치운거구나… 아줌마는 어떠셔?
21401	69121	4	….미안하다. 나도 그러고 싶지 않았어.
21402	71430	2	 어? 고.. 고마워.
21403	74398	2	 저… 그럼 어떡해야 돼요? 저 죽기 싫어요.
21404	45082	4	똑같지 뭐. 지난주에 병식이 형이 웹드 하나 물어다줘서 그거 찍고. 그거 말고는 별 일 없네.
21405	52596	3	그래도 그렇지. 신발 똑바로 신어.
21406	65726	4	응.  의자에 두고갔어, 그래서 내가 갖고왔어.
21407	37674	2	네.. 저는 지금 선생님을 믿는 수밖에 없네요.. 지형이한테도 이게 막 큰 일이라고 생각되게 하진 않았거든요. 일단은 학교 생활을 계속 해야하니까..
21408	45518	0	그게 할 소리야? 나 친구 있어. 왜 그래.
21409	48363	5	오. 좋다.
21410	64205	5	아니, 딸의 무형적인 사랑을, 모양이 없다는 이유만으로 그렇게 패대기 칠 수 있어요?
21411	35741	0	경찰 아저씨라고 해! 그냥 아저씨 말고! 경 찰 아 저 씨 !
21412	35637	4	너무 슬프다…
21413	26142	1	 응. 왜?
21414	53658	6	아니, 아니야. 이게 탕 종류를 우리가 진안주라고 하잖아?
21415	73673	7	"	그래? 고마워. 오늘 신경 좀 썼어."
21416	19656	7	희정아~ 그래서 우리 언제 결혼하는거야?
21417	55961	6	그러니까. 아 빨리 집 사야 하는데. 언제 사나.
21418	45289	0	반품 건 오늘 안으로 다 처리하세요. 한 번 더 이런 일 있으면         더 이상 거래하기 어려울 것 같네요. 주의 좀 부탁드릴게요.
21419	61781	4	어? 어… 그냥.
21420	4082	4	네… 원래는 서울에 자취를 하고 있었는데.. 대학원 학비를 쓰느라 방을 빼서…
21421	53422	2	죄송합니다. 예산에 맞는 적당한 방이 없어서...
21422	44947	3	세계여행은 나중에 갈 수 있잖아. 지금은 커리어 쌓을 때고.
21423	52070	5	잠을 왜 못 잤어요?
21424	53896	2	안돼. 엄마, 아빠 살려줘.
21425	42623	4	죄송합니다.
21426	63906	5	근데 나도 오라고? 엄마가 나도 오라고 했어?
21427	29670	7	놀리지마.
21428	46031	1	내가 또 미래의 신부님께는 충성하지.  나랑 결혼해주겠다는데, 모셔가야지.
21429	77292	6	"이제 마음 바뀌었어. 	외숙모가 해준 갈비가 제일 맛있어."
21430	30190	1	넌 지윤이 기억 안 나지? 김지윤.
21431	46294	5	엄마. 엄마는 내가 빨리 결혼 했으면 좋겠어?
21432	74166	7	그래? 뭐 먹으러 갈건데?
21433	13981	4	우리도 빨리 기계와 익숙해져야할 것 같아.
21434	30129	1	태어났을 때, 군대 갈 때, 부모님 돌아가실 때.
21435	60214	3	너도 못 사.   아 아쉽다. 숙제 도와주려고 했는데, 맥주가 없어서 못 도와주겠네.
21436	43698	3	그 분이 사회 생활을 잘 하시네. 그 말을 믿냐?
21437	47870	3	밤새 게임만 하니까 그러지. 어휴. 엄마가 알면 난리 날텐데.
21438	50865	0	 아... 엄마!
21439	19479	7	맞아요. 환갑은 더 하겠죠.
21440	48355	7	우와 멋있다.
21441	64151	5	" 어. 아빠..	 아직 안 나가셨어요? 늦으신 거 아니에요?"
21442	14645	5	너 그런 거 잘해?
21443	73039	7	오빠, 엄마가 오빠한테, 여행 어디로 가고 싶은지 물어보래.
21444	11133	0	아빠가 그렇게 하니까 그렇게 생각하지.
21445	59462	0	아니 사람 들어오면, 돌려 준다니까?
21446	3907	4	응… 오늘 집 앞에 찾아왔길래 무슨 일인가 했더니… 헤어지재
21447	14724	1	아니. 없어. 너는?
21448	36005	1	근데 운전이라는게 진짜 힘든가봐요.
21449	57364	0	아. 기다리기 너무 힘들어.
21450	76052	6	"다는 아니고... 반쯤 컸지.	  알았어. 대신에 이 얘기 해준 거, 엄마한테 비밀이다?"
21451	34811	1	있지.
21452	10216	3	너무하다 그래도 자식이 밥해주면 다들 맛있게 드셔주시지 않나
21453	34758	1	뭘 아니야. 내가 작은 엄마한테 다 들었는데.
21454	24819	2	맨날 야근하느라고 야식 먹고, 스트레스 받으니까 단 것 먹고. 좋은 거 먹고 찐 살이 아니라서 그런지 몸도 안 좋아지는 느낌이야.
21455	45396	4	선생님 제발요. 쌤 제발요. 부탁드려요 제발요. 저희 엄마는 안돼요.
21456	47951	3	너는 무슨 고3이 땡땡랜드를 가?
21457	6986	4	정말? 종훈이는 정말 속상했겠네.
21458	30764	7	할머니 보기보다 겁이 많네?
21459	53470	2	그래. 이번에 다시 기회를 줘 보자. 내가 함 말해볼게.
21460	47844	5	아 네. 모르셨어요?
21461	66221	0	내가 도와준다니까? 너 내 토익성적이 얼만 줄은 알아?
21462	17144	1	왜 또 갑자기 담배를 끊는다는 거야? 해가 서쪽에서 뜨겠네.
21463	9894	5	니가 고칠 수 없는 거야?
21464	67330	4	형님이 보험 그만 두라고 해서 그만둔거잖아. 그니까 화장품 하나 사달라고요.
21465	76480	3	"짜증나요. 제가 뭐만 하면 그거에 의미부여하고, 	그냥 지우개 빌려준건데, 	걔가 자기 친구들한테 제가 자기를 좋아해서 	지우개를 줬다고 그랬대요."
21466	79133	2	어, 근데 정서방은?
21467	56889	6	암놈이지.
21468	15443	4	무슨 일이 있었어? 갑자기 왜 이혼하게 된거야.
21469	17158	1	응, 그래서 안경도 끼고, 렌즈도 끼고 하지.
21470	45422	2	 너 이거 안 맞아봤지. 이거 진짜 아파. 너 병원 가야 돼.
21471	28703	2	저번 주에 선생님들이 말씀해주셨는데.. 제가 까먹었나봐요.
21472	42037	4	네, 다 맞는데요… 그래도 저보다 한참이나 어린 분이.. 이런식으로 말씀하시는게 좀 듣기 힘드네요. 솔직히.
21473	40288	1	혹시 책 좀 있어요?
21474	75198	6	"이제 3월 되면, 또 고3 맡게 될 텐데, 	미리미리…. 걔네들 생기부도 보고 그래야지. 	교사로서 책임감을 가지고 말이야."
21475	35234	3	오마이 갓김치~
21476	10921	7	이렇게?
21477	28167	7	나는 보면서 우리 아들도 이런 좋은 영화 찍었으면 좋겠다. 그런 생각, 한참 많이 했어.
21478	22404	3	그냥… 뚜껑만 열리면 마실 수 있음 되지… 그런게 뭐 필요해?
21479	12414	1	당장 사업을 시작하고 싶은데, 착수금이 부족하거나, 급한 일이 있거나 하면 목돈 나올 때가, 계 말고 어디 있겠어?
21480	54550	2	사진을 찍었다고?
21481	23445	3	정말? 에이구… 어릴 때부터 그러더니. 다 커서도 그러는구나.
21482	54447	6	아 알겠다니까? 다녀와.
21483	30940	4	오늘 친구 녀석 장례식에 갔다오는 길이야..
21484	2520	7	삼촌!
21485	50768	0	그럼 그냥 끊으면 되잖아. 몸에도 안 좋은거 뭘 그렇게 빨리 배우려고 그래.
21486	1603	6	왜 또 예민하게 굴고 그래. 요즘 애들은 우리 때랑은 다르다니까.
21487	25213	3	내가 한 번은 돌려 돌려 말해봤는데… 돌려 말하니까 절대 못 알아듣더라..
21488	12027	5	왜? 맨날 칼 같이 퇴근하시는 분이.
21489	78133	2	그게 뭔데?
21490	62091	6	"원래 안 그런데.	 지금 손님이 몰아쳐서 청소할 시간이 없나봐.	 그냥 우리가 닦자."
21491	4824	0	그러니까 그 의미도 하루 이틀이지 4일씩 여기서 어른들 틈에 있는게 뭐가 재밌겠어요
21492	70894	4	됐어요...
21493	5408	0	아니요… 놀고 나서 숙제할려고 했어요…
21494	61741	0	당연하죠. 내 남친은 나만 바라봐야 돼.
21495	40629	0	뭐? 너 말이 짧다?
21496	54754	3	그러게.  나 되게 어이 없네.
21497	54152	6	그냥. 몸 여기저기. 얼굴은 안되고.
21498	53573	6	아이고. 요즘에 아침상, 마누라 있어도 받기 힘듭니다.
21499	22296	1	일단 잘생겼잖아.
21500	78583	2	너 그래서 어떻게 했어!
21501	30000	7	그럼 그거 하나 해줘요.
21502	28285	2	아니 누가 들어온 게 아니면 대체 집 안에서 이 시간에 그런 소리가 날 이유가 뭐가 있어..?!?
21503	53917	5	내 방...?
21504	60759	0	너 진짜. 한 대 맞아야 줄 거야?
21505	9404	3	있는 그대로 말하면 안되는 때가 있는 걸, 알려줘야 알아?
21506	11141	3	그냥 하지 마.
21507	53514	2	소주 일이병정도 합니다. 담배는 하루 한갑정도.
21508	51084	5	진수가 벌써 고삼이야? 애기때 봤던 게 엊그제 같은데, 진짜 세월 빠르다.             진수가 고삼이구나 벌써 내년부터는 우리랑 같이 맥주도 마시겠다.
21509	30944	4	사람이 이렇게 한순간에 가다니.. 원래 알고는 있었지만 마음이 착잡하다..
21510	15814	0	그니까. 걔는 CCTV가 있는지 몰랐던 거지. 아주 그냥 딱 잡아 떼더라니까? 만약에 CCTV 없었으면 어쩔 뻔했냐? 난 진짜 소름이 쫙 끼치더라니까.
21511	39421	5	아, 네? 뭐하시냐고요?
21512	27768	7	어. 근데 나 나가면… 엄마 밥 혼자 먹어야 되잖아. 같이 먹자. 어?
21513	53786	5	그건 겨울 옷이잖아. 겨울 옷 입으면 엄마 너무 더워서 안 돼.
21514	22466	3	그랬는데도 이중으로 받았다고?
21515	51841	0	 아이고 요놈 귀찮게 하네.
21516	11973	5	하루에 한 번? 아침에? 저녁에?
21517	42439	4	그럼… 제일 비싼건… 금액이 어느 정도인가요?
21518	2300	7	그러시지 마시고, 인터넷으로 주문해서 쓰세요. 2만원이면 그래도 꽤 차이 나잖아요.
21519	7429	0	강인아. 조용하게 있자. 여기 우리만 있는 공간 아니야. 다른 사람들도 다 같이 쓰는 공간이니까, 시끄럽게 하면 안 돼.
21520	77818	3	그걸 모르냐? 니 입에는 필터가 없다고.
21521	73107	7	그래. 그럼 초코로 하자!
21522	64359	5	아, 추천서. 그래. 써줄게. 그게 뭐 어렵다고.
21523	44791	4	행시를 왜들 그렇게 많이 해?
21524	38714	2	어머.. 그 사위가 미국서 되게 잘나간다고 하지 않았어요?
21525	62277	6	그래도 이건 너무하지. 난 아빠가 비밀로 할 줄 알았는데…
21526	47649	0	미쳤냐? 너한테 왜 보여줘.
21527	68042	4	이제 슬슬 절차 밟아야지.
21528	53375	3	아 꿀꺽 삼키셨는데 파리인 줄 아실정도면 평소에도 파리를 즐겨 드셨나봐요?
21529	39381	3	나도 하고 싶어서 하는 거 아니야. 안하면 안되니까 하는거라고…
21530	19882	3	너 그때 나한테 미팅 시켜달라고 조를 때 아니야? 내가 듣기 좋게 거절하려고 무척 고생했었는데.
21531	33315	1	너 빈대 안 붙기로 약속 했잖아.
21532	40549	0	당연히 알지! 왜 몰라?
21533	59859	2	그건 그러네. 아 희진이한테 뭐라고 얘기하지?
21534	64115	4	어.. 그게. 가서 입을 옷도 사야되고, 숙소도 생각보다 비싸고..
21535	33543	4	정말이야. 그냥 잠깐 우울감이 드나 보다 했는데… 어느새 너무 무기력해져버려서. 너무… 공허했거든.
21536	7839	0	있다가는 없다니까. 엘리베이터 잡아 놓을 테니, 지금 나와요.
21537	56663	6	무슨 말씀이세요 저 아니라니까요?        저희 꼬박꼬박 종량제 봉투 사용 하는데?
21538	57058	6	쟤네들은 고등학생인가?
21539	64449	0	네. 저 되게 바쁘거든요? 이 일 끝나고도 매번 할 일이 있고요.
21540	38866	0	아버지가 따로 있지. 우리 엄마랑 결혼 했다고 당신이 내 아버지가 되는게 말이 됩니까?
21541	74231	6	아...
21542	64590	5	엄마한테 태블릿 사 줄거야? 나는?
21543	18274	4	어… 제가 안했는데.
21544	4903	4	아유, 영재 엄마! 섭섭하려구 그러네. 우리 사이에, 뭐 용건이 있어야만 만나구 하는 건 아니잖어.
21545	9357	6	근데 개가 자꾸 그걸 출판하고 싶대.
21546	57949	5	얼마나?
21547	19153	7	아니야. 전공인 애들도 있었는데 니가 1등한거야.
21548	26628	2	당분간이라면 얼마나 못 쓰게 되는 건가요? 저 그럼.. 병가에.. 언제쯤 다시 쓸 수 있을지에 대해서도 논의를 해 봐야 하고요..
21549	65533	4	아마..8월 14,15,16일, 이렇게 3일 갈 것 같은데?
21550	58829	4	그치? 돈 버는 게 그립다.
21551	73842	7	얼굴에 다 나오는데, 어떻게 모르겠어요.        그래서, 여자친구가 왜?
21552	45553	5	에, 조금이 아닌데?  이모보다 더 컸네??  이야, 혁근이 이제 장가가도 되겠네.
21553	59839	4	세월이 참 빨라. 이젠 내가 어머니 돌아가셨을 때 보다 나이가 더 많아졌으니까.
21554	15982	1	그래? 그럼 가까이서 보지 뭐. 사실 그냥 농담해보려고 한 건데, 엄마가 엄청 진지하게 받아 들이네.
21555	2703	7	 시간도 늦었고 하니, 오늘은 들어가 쉬시고 저희 병원에서 내일 다시 전화를 드리겠습니다. 
21556	15599	1	비용 절감이랑도 관련이 있나요?
21557	14671	1	놀다가. 학원 버스 타고 집에 오면, 부모님 절대 모르실걸.
21558	8899	5	그게 간단한 거 아니야?
21559	19343	3	못 바꾸죠. 그러니까. 선배. 화이팅!
21560	19390	7	내가 뭐라고 말려? 가서 니꿈을 펼쳐!
21561	10508	7	알았어.
21562	40388	5	그거 참 감사한 결단이군요. 할렐루야!
21563	73121	7	라면? 야 그게 더 살찌겠다.
21564	14579	1	걱정 안 해도 돼. 그 아저씨 맨날 집에 있어서, 고양이랑 맨날 놀아 줄 걸?
21565	31454	4	그렇긴 해. 너무 비싸니까 엄마가 많이 못사주는 거겠지?
21566	56150	6	동생의 고통을 즐기는 나쁜놈이네.
21567	61719	0	뭐? 내가 뭐.
21568	64350	5	뭐라고 말을 했는데. 아빠 또 화냈지?
21569	76510	6	백화점 가야지.
21570	24004	1	왜? 뱀 닭이 뭔 데?
21571	46635	1	나 경기권 호텔경영학과.
21572	35830	0	또 사줘? 너 왜 자꾸 컴퓨터 망가뜨려?
21573	49110	5	응. 전보다 잘 보인다.
21574	73071	3	그거야 오빠가 맨날 아빠한테 말대꾸 하니까 그렇지.
21575	61912	0	할 줄 아는 게 왜 없어 내가!
21576	54009	5	발레? 갑자기 웬 발레?
21577	38212	0	그래 임마. 보고 오라고.
21578	16851	0	그래…! 앞으로는 국가대표팀이고 뭐고, 아예 관심 끄고 안 본다! 안 봐!
21579	54196	5	 헐 엄마. 미쳤어!!!!
21580	10171	0	허리 아프면 나중에 다리도 아프고 팔도 아픈거야, 얼른 병원가.
21581	29438	3	불법 같은 소리하네. 우리는 재료를 사서 쓰는 게 아니고, 죄다 농사 지어서 쓰는데, 손님이 남기는 족족 버리면, 그거 아까워서 어떻게 하냐?
21582	5237	4	오춘기가 아니라 그래. 애들 다 키워놓고 나니까, 지금까지 인생에 남은 게 뭐 있나 싶고.
21583	64432	4	네… 아무래도. 촬영장 나오니까 전화할 시간도 잘 없고요.
21584	27584	3	배려까지는 바라지도 않아, 양심이라도 있어봐라! 양심이라도!
21585	13813	4	민철이네 아버지가 또 돌아가셨대네.
21586	64177	5	왜. 할 말 있나?
21587	43772	3	부장님은 여기가 집이고 거기가 직장이래요.
21588	60702	0	오빠가 아니면 그럼 누구야.
21589	22890	1	발렛 파킹도 하나의 사업이 된거지.. 장사 잘되는데서 발렛 파킹 하면 한 시간에 몇 만원씩 벌고 얼마나 좋겠어.
21590	21283	1	핸드폰 있으면 엄청 편하겠다.
21591	8182	6	아뇨, 아직 한 번도 없어요. 사는 게 너무 재미가 없으니까... 이런 걸로 일주일을 버티는 거죠. 기대감으로.
21592	38092	2	모릅니다.
21593	37448	3	뭐라고..?!
21594	72133	7	어. 우빈아.  이거.
21595	55863	5	야 형. 그동안 잘 지냈어?
21596	11887	5	그립다고? 누나도 답답했다며?
21597	1028	6	나쁜 짓 하면 다 그대로 돌아오는거야
21598	39824	4	화내지 마로. 무서워.
21599	10309	7	그런 생각은 좋은 생각인거 같아요.
