multimodal_emotion	text_script
7	천천히 줘도 돼.  근데, 너는 왜 전학 왔어?
5	왜 갑자기?
4	걔는 동아리 같은 거 안 한대. 혼자 노는게 좋대.
0	너 같으면 분통 안 터지겠냐?
2	군대가기 전에 카페에서 1년정도 일한 경험 있습니다!
3	됐어, 신경 꺼. 오빠한테 기대한 내가 잘못이지. 게임도 못하는데 티켓팅이라고 잘 하겠냐?
0	뭘 오해하시게 끔이야. 그냥 실언이지. 영업은 말빨인데, 이래서 뭘 팔아먹겠어?
7	" 너 일할 때 진짜 섹시한 거 알아? 	너도 알지? 모를 리 없지. 이렇게 섹시한데."
4	지금은 어떤 쪽으로 마음이 기우는데?
0	하나라도 엄마가 맘에 들게 좀 해봐. 엄마가 잔소리를 하나.               빨래좀 아무데나 던져 놓지 말고 양말 좀 제발 뒤집어 놓지 말고!
3	당연하죠…하… 진짜 제가 얼마 들인줄 아세요..? 이거 어머니한테 청구해야될거 같은데..
3	저한테 괜히 희망 주지 마세요. 저는 선배 어려워요. 그 때도 그렇고 지금도 마찬가지에요.
1	날짜는 언제야?
6	안 심심한데?
1	할아버지는?
1	네, 아이들이 꽤 많이 도와주기로 약속했어요.
3	그래요. 삼촌 맨날 혼자 궁상 떠는거 꼴보기 싫다고.         은경쌤 소개해주면 어떻겠냐고. 엄마가 그래서 제가 물어본 거 아니에요.
6	응 뭐 늘 똑같지 뭐
1	지금 우리 이렇게 대화하고 있는거… 상철 씨도 아세요..?
7	나는….. 헨리나 마르셍.
6	나 저녁 먹기 싫단 말이야.
6	발라.
0	아니, 내가 지난 번에 자꾸 돈이 빈다고 했잖아.
2	"니가 왜 돈 쓸 곳이 없어? 	연애도 해야되고, 어? 친구들이랑 술도 마셔야 되고."
0	뭐..? 너 지금 그게 할 소리야? 지금 친구는 병원에서 팔을 꿰매고 있다는데… 너는 미안 하지도 않아?!
1	응. 이모 잠꼬대도 해.
5	그럼 주변에 있는 어른들한테 여쭤보면 되죠. 잘 할 수 있을거예요.
1	선한 자는 선할 것이요, 악한 자는 악할 것이니.
7	그래. 내가 초코우유도 사줄게.
4	없지. 남들 해주는 거 다 해줬는데. 왜 너는 사랑한다는 말을 안해.
0	내가 은주씨, 면접볼 때부터, 뭔가 불안했다고.        여행 좋아하고, 술 좋아한다고 말했을 때부터,        아, 얘는 나중에 뒤통수 한 번, 크게 치겠구나 했는데....        역시 예감이 맞았다니까?
2	아…
0	 야! 그만하라고!
4	미안하다. 아들아.
4	나는… 하… 그러게 내가 누굴 닮았지? 나는 공부도 싫고 책도 싫어.
4	그래서 요즘은 아예 선금을 받고 해.
1	음… 할머니가 요 앞에 어떤 할머니를 아는데. 그 할머니 손녀딸이 정민지래. 너랑 같은 학교 다니길래 아는 지 궁금해서.
3	진짜 짜증 나겠다.
0	너 배 아픈데 선생님이 일어나라고 했다고?
2	이거요..
1	할머니, 그러지 말고 아빠한테 바꿔 달라고 해.
4	그럼, 숙모랑 이혼한 것도 그것 때문인거야?
0	아침부터 우리가 개를 끓이고 있거든.
2	숨기려고 한게 아니라. 아빠가 이렇게 화 내실거 아니까.        조심스럽게 말씀 드린거죠.
5	뭐라구요??
5	너가 지환이 동생이야?
4	선배가 받은 대출 저도 받을 수 있죠?
7	장어 좋지. 어디? 서변호수 쪽에 있는 거?
1	저희 집 근처에, 마카롱 맛집인데. SNS에서 엄청 유명하거든요. 
6	야. 너 진짜 너무 한다.
3	이를 거지?
7	 무능한 삼촌은 화장실이나 가 봐야겠다.
0	 고주망태구만, 고주망태야.
2	아 그럼 너무 무서울 거 같은데.  꿈에서 그 사람 머리에 깔려서 기절했는데, 아직도 그 느낌이 생생해.  너무 무거워서 죽을 힘을 다해서 미는 데도 꿈쩍도 안하는 거야.  생전 처음 느껴보는 공포였다고.
6	"그죠. 감독님 어떡하실 거에요.	 저는 다~~ 기억할텐데. 	 원래 안 취한 사람은, 완전 클린 모드로,  처음부터 끝까지 다- 기억하는 거 아시죠."
3	"너, 지나간 것도 잘만 찾아서 보더만.	 이거 나중에 보고 ‘백년의 약속들’ 좀 틀어봐. 	 그건 지금 지나면 못 봐."
3	주제를 알아라. 주제를. 으휴!
1	요 주변에 물가라도 있나? 멀끔하던데?
7	"응!  ‘스타 아역배우, 몰라보게 성숙해진 모습으로 돌아오다’	 기사 제목들이 눈 앞에 보이지 않아? 	 ‘귀여운 얼굴 속, 숨어있던 반전 성숙미’	 ‘외모도 실력도 무르익은 어른미 뿜뿜’, ‘박재민, 10년을 거슬러 돌아오다’  딱!!! 어?!"
7	에헤이, 무슨 소리야. 그냥 가만히 기다려.
0	당연하지. 그 돈 빼먹으려면 20년은 더 해야 된다. 20년은.
7	아니 아직 안 했어. 뭐 시켜먹을까?
4	알아 봤는데 다 너무 비싸더라고… 아, 어쩔 수 없지!
5	발레학원? 갑자기 왜?
6	"할머니가 어떻게 속을 썩여요? 		우리 엄마는 맨날 내가 콜라 많이 마신다고, 속이 썩는다고 그러던데."
1	막상 책을 내니까 이게 또 돈이 되더라고요.
6	"그러면 니가 빠릇빠릇하게 숙제를 하지 그랬어. 	왜 안 해와서 지금 이렇게 고생을 해?"
2	너무 비싸다 이거야?
2	네. 근데 엄청 달아서, 할아버지는 마시면 안돼요.
2	요즘은 그것도 업체가 많아져서… 그리고 그 업체들 뒤에는 깡패들도 있고 그렇대.
6	말을 말자.
5	 남자친구? 어떤 사람인데?
4	그냥.
2	아… 같은과 선배가… 같은 일이 있었는데… 행정실에 부탁해서 납부했다고 들었거든요… 저… 좀 어떻게 안 될까요?
5	그래? 뭐 먹어.
5	공짜? 진짜로 공짜에요?
5	이민주가 누구야.
0	"그렇게 뒤 쫓아다니면서 하나하나 챙겨주면,	 오히려 자립심이 더 떨어지는 거야. 냅둬. 지가 지 살 길 찾게."
7	아 이거 누르면 되겠다!
6	아니 그럼 뭘 먹어야 해? 밥때마다 고기 먹는게 낙인데.
6	나 무용과 나왔잖아 당연히 잘 추지
6	 이게 축하를 해줘야 하는 건지,  뜯어 말려야 하는 건지 잘 모르겠다.   어우 갑자기 머리 아파. 두통약 있어?
3	"쌩판 남보다는 그래도 한동안 한 이불 덮고 잔 	나한테 빌리는 게 낫지 않겠어?"
1	에휴. 아빠가 미안해. 그냥 얘기 해봐.
5	네? 과장님이랑 부장님 왜요?
5	부장님이 어떻게 아셨어요?
0	97년생 소띠다 왜.
1	당연히 오빠 통장으로 했지.
5	응? 냄새가 나? 오늘 아침에 샤워도 하고 머리도 감았는데?
1	나 한 50권?
3	너 또 걔한테 연락했어?? 걔가 건 게 아니고 니가 건 거야?
0	아이씨… 죽을래?
1	그건 그것대로 고민이겠다 진짜.
7	나도 아직까지는 너랑 노는 게 제일 재밌어.
4	소영아빠…. 아무래도 바람난 것 같애.
4	그래도, 저렇게 여러 사람을 만나고 다양한 일들을 겪고… 저런 일들이라도 부럽다.
5	아….아 맞다! 돈스테이크!
5	야! 너 저번에 서류 합격해서 면접보러 간다더니 그거 붙은거야?
5	계속 흔들리 잖아요.
0	아니 그럼 헤어지실 거예요?
5	보통 공부 잘하는 애들이 일 머리 없는 경우도 많은데, 걔는 아니더라. 걔네 회사에서 최연소로 임원 진급할 것 같다고 그러던데.
4	네.. 근데 저같이 젊은 사람들도 실비 보험 많이 쓰나요?
3	안 되겠네. 그럼 잠깐 경찰서로 갑시다.
1	근데 그래… 남는 자리는 있고?
3	그죠. 작년 애들보다 전반적으로 분위기가 좀 놀자판인 것 같아요.
6	헐. 거기 등록 했어?
7	영광은 무슨.
0	 하…
0	손빨래로 해야 되는 건, 신경 좀 써 달라고 했잖아.
1	준비물?
4	왜… 잠깐만 혼자 있으면 안될까? 형 화장실이 너무 급한데.
3	아, 박성우? 그런 애들을 보고 찐따라고 하지.
5	비빔밥?
2	왜 그래 보경아. 무슨 일이야. 이렇게 사색이 돼 가지고.
1	비는 좌석에 앉을 수 있고요, 좌석을 예매 할 수도 있긴 한데. 그러려면, 추가금을 내야 해요.
6	만화 좋아한다고 다 오타쿤거 아니야.
5	소정이? 유치원 같이 다니는 네 친구 말하는 거야.
1	마음에 드는 사람이라도 만나서 정말 좋겠네요.... 저는 통... 마음에 드는 사람도 없어서..
5	할머니? 외할머니?
7	아닌데? 나는 아빠랑 결혼할건데.
0	무슨 소리야. 우리 유치원에서 똑같은 튤립반이잖아.        튤립반은 다 7살이고.
6	시크하기는. 밥은. 맛있는 거 많이 먹었어?
7	아~ 할라딩~ 그거 나 어릴 때도 엄청 유행했는데.
0	너 어디 살아! 부모님은 어디 계셔!
3	"여론이 어떻게 되는지 모르니까 그러지.	 말 한번 터져 나오면, 둑 무너진 듯이 쏟아질걸?"
3	어. 다 해준대. 이백만원에.
1	할머니. 할머니가 돌봤지.
0	이게 꼬박꼬박 말대답이네. 너 다 컸다?
7	진짜 돈 생각하면… 여기 빙수는… 진짜 사 먹는 우리가 도둑질하는 거나 다름 없는 거 같아.
0	그래도 어쩔 수 없어. 가서, 여기 아파트는 전단 금지라고 말해.
3	떠벌리고 다녔다고?
4	그래서 너는, 어떻게 하고 싶은데? 지금 얘기하는 걸로는         마음이 좀, 한 쪽으로 치우친 것 같은데?
0	참외? 너 진짜 과장이 심하다.
0	너 아빠한테 말버릇이 그게 뭐야?
6	나쁘진 않은 곳이었는데, 저랑은 좀 맞지 않았던 것 같아요. 제가 다닐 땐 경력직보다는 신입을 더 선호하는 분위기였어요.  어디 다니셨어요?
6	왜 엄마한테 말 안했어?
6	그니까. 거기 요도르 같은 우락부락한 사람이 있었어봐 자동으로 분노조절이 됐을텐데
2	 아니 그건 그러지 말고. 엄마한테 말했다고 선생님이 나 더 싫어하면 어떡해. 나는 선생님 좋단 말이야.
3	그래서, 오빠가 좋아하던 민정이 언니는 어떻게 됐는데?
4	그러니까.. 전문적으로 배웠으면 좋았을텐데..
7	말도 안돼 진짜~ 나 진짜 괜찮아 할머니~
4	어머, 됐어요.
1	엄청 오래 됐지..
7	근데 말이야, 나 사실.. 술 마셔봤다?
1	알았어. 뭐 사지? 할머니 뭐 드리면 좋아하실까?
0	제수씨 임신했다고 엄마도 안 도와드리고, 제사도 늦게 오고. 제사 준비도 안 하고.
1	사람들이 욕해. 요새 환갑 잔치 차려 먹으면.
6	"망하는 배에 다같이 침몰하는 것보다 그냥 배를 버리고 탈출하는 게 낫죠.	 있던 기계랑 집이랑 팔아서, 빚은 다 갚았어요.  다행이죠. 그나마 뭐라도 있을 때 망해서."
2	그래야 되나? 아…. 평소에는 약이면 되긴 했는데. 면역 생긴건가?
7	할아버지. 괜찮으세요?
6	 다닐만 해요.
7	네 진짜 맛있어요. 짬뽕도 맛있고, 다른 것도 맛있고.
6	그런 게 아니라. 니가 워낙에 거짓말을 많이 치니까.
2	사장님… 저… 기억 하시나요?
3	아무렴 감자튀김보다 높겠어? 거기에 탄산음료까지 마시는데?
3	그럴 거 까지는 없고… 내일 내가 일 끝나고 와서, 우성이 아저씨네 가게 찾아가 볼게.
7	 자.
3	니가 뭘 참아?! 니가 뭘 참는데?! 니가 나한테! 내 딸한테! 내 아들한테! 사과 해야지!
4	 아니 그건 아니고.
6	"뭐 어때. 좀 쉴 수도 있지.  	근데 여기 학교는 애들 많아?"
2	김기주는 없는데… 김경주 아니야?
1	나도 좋아하지.
1	나 한번 믿어봐. 그 위에 그냥 한 번 걸쳐봐요. 자.
1	이제 문제도 다 해결이 되었으니까. 학원가서 공부 좀 더 하자. 어때?
1	믹스커피 한 잔도, 사 먹으면 천원인데…
2	아니. 저번에 비올 때 보니까, 배가 잔뜩 부르더라고.         임신한 거 같아서 병원 데리고 갔지요.
3	저는 항상 혼나는 기분이었는데요, 선배랑 싸울 때면.
7	아이고 내가 80 평생 살면서 이렇게 더운 적이 처음이야. 내가 자식들이 에어컨을 놔줘도 전기세가 아까워서 한 번을 틀지를 않았거든.
4	자기야 오늘 우리 사먹자.
3	와... 이래서 내가 집에 자주 안 오는 거야. 오면 뭐 좋은 소리를 듣기를 해. 오다가 다치기나 하고.
4	그럼… 시급은 어느 정도로 생각하고 계시나요?
0	지호, 얼른 연습을 해야, 확인받고 집에 가지.
0	아 진짜 까다로운 자식. 어디서 이런 자식이 나왔나?
7	와. 오랜만에 영화 진짜 재밌게 봤다. 엄마는 어땠어?
3	어. 너 안 씻었냐? 아니면 방귀 뀐 거야? 아휴, 진짜 독하다.
4	사실… 주고 싶은 게 없어. 기념일 챙기는 것 때문에 너무 스트레스 받아서 차라리 헤어지고 싶어.
0	그니까 왜 덤비세요 덤비길? 제가 말 잘 하는거 처음 아셨어요?
4	그런 일이 있었어? 세진이가 많이 속상했겠다.
4	제발… 내가 이렇게 싹싹 빌게.
3	아 그냥 써~ 어떻게든 켜봐. 아, 그냥 써~
6	아 머리 아파. 아 나 지금 진짜 죽을 거 같아. 아… 아…
7	응. 이마에 맺힌 땀방울까지 볼 수 있게.
4	나는 아직도 건승이 못 잊었는데 우리 엄마 아빠는 벌써부터 선을 보래.
7	네에. 아이스 아메리카노 큰거 하나.
6	에이. 막걸리마다 맛이 다 다른데요. 와인도 그렇고.
7	지영씨도 여차하면 얘기해!
7	내일 퇴근길에 마트 들러야 하는데, 그 때 까먹지 말고 사야지.
5	돈으로 해결하신다고요?
3	에휴, 어른들부터 잘 해야되는데. 애들이 뭘 보고 배우겠어…
6	그래? 고생했네.
3	어휴 애들이 그걸 잘 지켜요?
4	저도 선풍기 너무 갖고 싶은데…        엄마가 안 사줘서요. 그래서 훔쳤어요.
6	웃지마. 나는 심각하단 말이야.
4	벌써 시간이 그렇게 됐나?
4	아니, 영재엄마 혼자 집에 있으려면 적적하지 않아요? 나도 그래서.
6	흐익! 또 뽀뽀한다.
6	그럼 내가 싫다고 하면, 엄마랑 헤어질 거에요?
7	"	뭐야. 뭘 이렇게 빤히 봐. 내 얼굴에 뭐 묻었어?"
7	아니야. 나도 맛있게 먹었어.
0	아니, 심부름 값은.
1	 그냥 타지 살이 외롭고 힘들었다고 해.
2	그런데요 목사님… 제가 다른 신들에게 노여움을 사면 어쩌죠?
6	그냥.
4	예.. 교수님 힘드셨던 거.. 누구보다 제가 제일 잘 알아요.
5	슈퍼는 어디에요?
3	에이... 선배가 소개팅 해주면 선배 같은 남자 나오는거 아니에요?
5	응?
1	누나는… 성격이 불 같아서 안돼. 누나는 유도 다녀야 돼. 덕진이가 게임하는 거 보고 있으니까. 바둑도 잘 둘 거 같아.
7	분산투자 하면 돼. 그리고 처음에는 조금만 해보고.
2	선생님… 제발 부탁인데, 엄마한테 저 빠졌다고 말 안하면 안돼요? 앞으로 잘 나올게요.
7	아아, 그러셨구나. 어쩐지 안 보이셔서요, 무슨 일 있으신가 했네요.
5	벌써 뽀뽀를 했어? 누구랑!
7	뭘 또 그냥저냥해. 너 정도면 잘하는거지.
2	아니, 그래도 이건 너무 한 거 같은데. 불안한 거 아니에요? 여기 바퀴벌레도 있나봐요?
0	세훈아..! 너 대체 왜 그래? 아빠가 너를 진짜 잘 못 키웠나 보구나…
2	왜 그러냐?
5	무슨 고민으로 저를 찾아오셨나요?
7	네, 감사합니다.
4	아빠가 요즘 담임 하고 계시잖아. 할 일이 많으시대. 우리끼리 밥 먹어야겠다.
0	학생, 거기서 뭐해?
4	결혼 생활이라는게 참 어렵더라.
0	나? 나 담배 피우냐고? 아니야!
0	뭐야? 그랬어?
4	저 오늘 친구 결혼식 때문에 지방에서 올라왔거든요
4	그래서 일단은 어른들 선에서 해결하도록 노력하는게 좋아요.
4	요샌 시트콤이 주던 재미를 인터넷 방송에서 찾는 연령층이 늘은 탓도 있는 거 같고요.
4	제대로 된 의사면 TV에 맨날 나올 리가 없지. 돌팔이야.
4	그래. 김씨가 매일같이 동네 산책하고 그랬지.
2	그것도 거의 막노동 아니에요?
5	저, 여기 콩나물 있어요?
6	하, 글쎄. 아무것도 없었어. 나 왜 이렇게 살아온 걸까? 한심하네.
4	알았어 알았어.         우리 결혼이 이렇게 끝나가네.
3	점점 빨라져. 점점…
0	여기 테이블에 제 컵 있잖아요. 제 자리인데.
6	일단 학교는 휴학하고. 애 낳은 다음에 복학하려고.
3	"와 냄새 진짜 죽인다. 	대체 이거 뭐가 어떻게 맛있는거지?"
3	쳐먹기나 할 줄 알지. 니가 뭘 채워 넣는 법이 있냐?
2	아…그게…제가요….
2	이번에.. 엄마가 치과에 다녀 왔는데, 여기 이빨 이거 새로 해야된대.
1	응. 누나가 다 해줄테니까. 얼른 병원 가 봐.
1	뭐하려고 해요?
6	에고 뭐 덥다고 벌써 나와.
7	응 좋아! 나는 진짜 시험은 싫은데 시험 끝나고 나서가 너무 좋아 짜릿해
3	그래서?
1	응. 안하던 운동을 갑자기 해서 그랬는지, 몸이 놀랐나 봐.
1	미안.
3	이해 못 하는게 아니라… 니가 이렇게 일방적으로 결정해서 통보하면, 나는 어떡해?
2	사이비들이 너 개인정보 다 털어서 너 스토킹했다는 거잖아. 마, 마냥 재미있지는 않은데?
7	고모, 우리도 강아지 기르면 안돼?
5	여기 목 뒤에!
4	그게.. 되는거야..? 그건 좀 원래 타고나는거야..
5	아…. 그 정도는 해야 장편을 찍는군요.
0	천대는 무슨 천대야.
5	그 사람들은 왜 결혼을 안 한대?
5	하관이요?
3	똑바로 일하시라구요! 똑! 바! 로!
1	그니까. 아니 근데.. 삼촌은 언제 우리도 모르는 사이에 집에 와 있었던 거야?
1	없을 수도 있으니까. 데워서 가자.
2	 아. 잘못했어요 선생님.  다음부터 열심히 해 올게요!
1	그럼 부산엔 얼마나 있다가 온 거야?
2	각도기가 어떤 말씀이신지 잘 모르겠어요..
6	 아 진짜 짜증나.
0	그래요!
1	그치? 직접 만들어 쓰는 거겠지?
2	왜 그러는데?
0	왜 복성이 그 녀석도 폐가 안 좋다는데 계속 피우다가 결국 폐암 걸린 거 아니냐.
3	 어휴, 어떡해 정말. 20층 올라오느라 진땀을 뺐어, 아주~~
0	언니랑 엄마는 다르잖아.
7	공부도 잘 하고 운동도 잘 하고 학원도 잘 가고.
0	전단지? 아파트에 전단지 붙이는 거 금지야. 당장 떼.
6	네? 싫어요.
0	운동을 좀 해 임마. 건강관리 안하냐?
1	그래? 의외네. 난 그래도 밤낮 바뀌는 거랑, 체력이 문제인 줄 알았더니.
1	이번에 우리 형제자매들 여행은 어디로 갈까?
4	할머니도 할머니 엄마 보고 싶을거 아냐..
0	무슨 말도 안되는 소리야… 내가 담배를 왜 피워. 아빠한테 담배 냄새 나는 거 맡는 거만도 짜증나 죽겠는데.
0	지금 자식이라고 했습니까?
2	어우, 글쎄요...
2	왜그래, 학생.
1	내가 무슨 욕심이 많다고 그래?
1	뭔 커뮤니티에서 랩퍼 얘기를 해? 얘 팬 카페?
5	다른 사람들도 좋았는데,        이모부는 딱 첫 마디 나눴는데, 이 사람이랑 결혼하고 싶더라고.
3	이게 대화야? 일방적으로 혼내는거지!
5	그럼? 나도 이 핸드폰 3년째 쓰고 있는데 .
7	설마... 다 날아간거야?
4	지난 해, 수재 문학상에서 시끄러웠던 것 기억하세요?
3	하…
4	네.
6	언니, 그 인간 바람 난 거 아닌가 싶어.
6	근데 이거, 커피 맛이 왜 이래요?
0	무슨 하루 이틀도 아니고 공부하는데 맨날 시끄럽게 하니까 그렇지. 저 새끼 고 3때보자 내가 공부 못하게 난리 칠거야 맨날.
5	근데 그 오빠는 갑자기 왜?
6	근데 걔가 학원에서 딴 여자애랑 얘기하고 있는거야!
5	흑미요?
5	오. 채식? 갑자기 왜.
1	너희 아빠가 그러더라. 니가 또 사람을 때려서 병원비 물어 줘야 된다고..
0	너 다신 내 가게에 얼씬도 하지마! 이 근처 왔다 갔다 하지마!
4	…응.
7	그래, 내가 사올게. 맥반석 계란이랑 해서 한 사발 하자.
7	"나무출판사에서 나온 거 좋아요.	 제가 좋아하는 작가가 있는데, 그 사람 글씨체로 나온 거에요."
0	아니, 아니, 됐어. 내가 프린트 하면 되지 뭘. 바로 앞에 프린트가 있는데 뭐.
5	노래방?
0	 아니 진짜 억울하다니까.
1	넌 그래도 싸.
2	어… 이것보다는 조금 더 예쁜 걸로…
1	우리 아빠는 맨날 이래. 맥주 마시고. 크으…
6	오자 마자 했잖아.
0	아니… 사장님.. 여기 백반집인데… 김치찌개 된장찌개 순두부찌개… 다 안된다고 하면 저더러 뭘 먹으라는거예요…
5	할아버지가 아빠보다 크지 않아요?
2	그러시구나…
3	돼지우리라니… 돼지한테 실례야. 나 전에 오빠 방에서… 연필 깎고 나면 생기는 그 나무밥 알지? 그게 자꾸 밞혀서 치우랬거든? 그랬더니 오빠가 웃으면서 뭐라고 했는지 알아?
1	보호자님께 책 좀 가져다 달라고 하세요.
2	피해자는 무슨.. 웃기지 말라 그러세요.
4	나도. 엄마 환갑, 칠순 못 챙겨드린 게 못내 맘에 걸리더라고.
3	연예인 파워랭킹도 랩퍼가 훨씬 더 높은데 혼자 북한 인터넷 보는 중?
3	 어머, 얘. 이마가 아주 불덩이네? 너 창문 열어놓고 잤니?
7	" 내... 내가?	 내가 매니저를 제대로 해낼 수 있을까?	 너한테 폐가 되면 어떡해."
0	아 몰라, 캐묻지 마. 창피해.
7	딸 와봐.
5	밀렸어?
2	"아니야. 아니야. 보험금 나와서 괜찮아.  	그게...엄마가 니가 해준 호박죽이 그렇게 먹고 싶으시다네?"
0	뭐가 자꾸 신기한대. 나는 누나가 남자 친구 있는게 더 신기해!
4	요즘 내가 엄마나 아빠 폰 빌려서 하잖아..
5	하… 하 내가 진짜 어처구니가 없어서.
1	내가 형 게임하는 거 다 봤거든?
0	안 할거야. 나 이제 걔 안 좋아해.
7	삼촌 뭐해?
1	철봉? 몇 개나 하는데?
1	누나 그 알바하는 거 엄마한테 얘기 안했지?
7	네, 감사합니다. 과장님은 휴가 안 쓰세요?
2	무슨 퍼프 하나가, 다른 쿠션, 하나 가격이야? 왤케 비싸?
5	 에구 깜짝이야.
1	 아니 아직.
2	할머니 저기 방에, 벌레!!! 벌레!!!!!
2	어 근데, 오늘 나도 엄마한테 전화한다고 갖고 오고 혜지도 아까 엄마랑 통화한다고 갖고 와서 너까지 그러면 쌤이 좀 의심할 수도 있어.
5	그랬었나? 나는 니가 사과했던 것 같은데. 니가 갑자기 울면서 뭐라뭐라 했었는데.
0	그런데 어떻게 애가 그 모양 그 꼴이 됩니까? 예? 지금 애가 난리도 아니에요. 정말로, 죽을 수도 있었다고요.
7	이번에 준비하는 영화는 어떤 영화야?
5	 에? 그렇게 어리셨다고요?
7	"대신, 변성기가 지나고 나면,	 더 굵고 멋진 목소리가 될 거야.  갈라지지도 않고, 불안정하지도 않은 탄탄한 그런 목소리!"
6	정말 너무하네 엄마. 아니 할머니 이렇게 정정한데, 무슨 요양원이야.
4	저는 뭐, 급할 때마다. 요즘은 일자리도 잘 안 나와요.
6	에이~ 다음에 크면 엄마보다 훨씬 예쁜 여자 만날텐데?
5	라온이가? 왜 그랬을까요?
2	조선시대에도 그것보단 더 받았겠다. 증말. 그럼 나 이제…얼마 남은 거지?  팔십만 원에서 육백오십 원 까면…
2	"그 사람도 절실했겠지.  근데, 누나는 추천하고 싶지 않아...	 잃는 게 너무 많잖아."
1	그건… 내가 아빠가 얼마나 위대한 남잔지 몰랐을 때의 생각이고. 지금은 그렇게 생각 안해. 나… 깨우쳤어.
3	너 내가 태권도 배우면 그 땐 큰일 나는거야. 알아?
3	그렇게 뭐 죄송 할 거는 또 없어. 니 덕에, 나도 배웠지. 덕철아.
6	으엑.
1	안경? 고양이도 안경 쓰나?
6	아부해도 안돼.
1	엄마가 그러잖아.
4	뭐가 좋아.
6	그렇긴 한데. 수학도 잘 하고 싶단 말이야.
5	참, 승아는 이제 몇 살이지?
2	아 예, 어머님만 믿겠습니다.
2	헐. 그거 진짜 있었던 일이야?
1	아니. 2주에 한 번.
0	이 작은 바늘이 2에 가 있으면 몇시야?
3	그건 말하면 안돼. 꿈 사면 그때 말해 줄게.
2	 …그러게. 이상하네….
6	난 가족같다고 해서 온 건데.. 내가 너무 순진했어.
5	하하하...
5	그래?
4	그니까. 그때까진,  엄마아빠가 지원해주는 거 불편하게 생각하지 말고,  지금 받고 나중에 갚는다, 맘 편하게 먹어.
0	너, 엄마한테 이르기만 해 봐라. 가만 안 둬.
0	그게 또 무슨 소리에요?
2	아빠가 괜히 그러는 거 아니잖아. 저번부터 그런 일 여러 번 있었고….
0	야 냉장고 다 같이 쓰는건데 거기 있으면 그냥 먹을 수도 있지. 우리가 남이냐?
3	야, 초딩은 태권도나 배우러 가.
6	"진짜요? 놀러가도 돼요? 	할아버지 집에 뭐 있어요?"
5	아, 엄마 어디 갔어?
7	엄마 말대로 형이랑 빨리 친해지고 싶어.
2	아 그래.. 어머님이 취소하셨구나..
4	누가 지금 그거 가지고 뭐라고 해?
6	엄마 나도 수학 학원 다닐래.
6	그치만 자꾸 치킨이 눈앞에 아른거린단 말이야.
2	맞아. 특히 에어컨은 설치도 그렇고 냉각수 충전 하는 것도 엄청 비싸잖아.
1	그래… 그건 그래. 나중에 대학교 오면 교수님들이 과제 베낀거 없나 프로그램으로 다 돌려봐.
0	아이… 진짜…. 김영민… 그만해라…
5	헐. 언니 나 팔로우 하고 있었어?
0	"행패?  와아. 내가 지금 다른 세상에 있나?	 니가 사는 세상에선 이런 걸 행패라고 부르니?"
4	나만 없어.
7	우리가 단골이니까, 국산 깨로 짜주니까 그래. 다른 방앗간들은 다 수입산 쓰더라.
7	걱정하지마. 엄마, 아빠 휠체어는 내가 손수 밀어 줄게…
7	아니야. 내가 정리 한다니까?
5	어어? 언제 그랬어. 저번에도 별로 안 아팠잖아.
7	형은. 형수한테 잘해.
2	너는 절대. 그런 짓 하면 안 돼? 알지?
2	진우네 부모님이 한번 오라시는데, 명절에 가는 게 부담이 되고 그래서.
4	사회가 복수를 못 해주니까.. 개인적 원한이 점점 쌓이게 되고…
4	"그니까요. 저가요 사귀지 말라고 그랬는데,	 벌써 남자친구 여자친구래요."
2	근데… 서른 전에 지원은 안될까?
7	어. 재밌더라.
2	그래서 아빠가 밤마다 귀신만날까 호랑이만날까 무서워서 방을 못 나갔어.
0	우리가 고생하긴 했지. 건배! 우리를 올라올 후배들을 위해서!
2	지우랑 현진이가 원래 친했잖아. 지우가 현진이네 놀러갔다가 딱 들킨 거지.
1	그럼 부려…
6	잘 됐어. 왜 나가서 고생하려고 해.
4	그렇지만. 적어도 이런 일은 일어나면 안됐는데.
4	아…그렇구나.
0	생사람 잡지 마.
1	진짜야... 소금이 많대.
6	그게 뭐야. 잘 이해가 안 돼요. 저는 슬프기만 할 것 같아요.
0	"그게 다 인생 경험이지.	 우리는 뭐, 그런 일 안했냐?  처음엔 다 그렇게 시작하는 거지."
5	그러면은 이거 경찰서에 가져다가 줘야하나?
0	저번에 자네가 찍은 당 때문에 나라 말아 먹을 뻔한거 몰라?
4	이것저것 돈이 들어가는 곳이 많았잖아.
7	 어. 어? 야 너도 들어올래?
3	덮긴 누가 덮어? 그런 거 없어.
1	아니 지금 오빠가 완전히 액정 다 보이게 내 쪽으로 핸드폰 들이댔잖아. 누구는 보고 싶어서 봤냐?
4	라이터 아빠 책상에 있어.
0	니가 남의 물건 함부로 손대놓고.. 뭘 잘 했다고 그래? 어?
6	어머~ 얘기 들어보니까 작년까지 좀 받은 엄마들 있더만~
6	"근데 그냥 궁금하잖아요. 	국어 잘 봤는지. 저는 국어가 제일 어려워요."
1	그래. 그럼 목요일 오후에 만나서 문제 풀어보자. 이 날이 8일 맞지?
4	저 공부 잘 못하는 거 아시잖아요.
1	엄마 집엔 왜?
7	어머니 자식 놈 덕분에, 제가 잔소리꾼이 된 거에요!
5	알았어. 근데, 걔는 몇 살이야?
6	"숙제가 너무 많아요. 힘들어요. 	 그리고 하기 싫어요."
5	왜. 너꺼는?
7	고맙네.
7	여기라도 오는 게 어디야~ 식혜나 먹자.
3	응. 난 곱슬머리인게 어릴 때 컴플렉스였거든.
7	 그냥 보고 가세요. 돈 안 받을 게요.
6	마트에서 사오면 되잖아요.
1	그래도… 이렇게 밝은데… 귀신이 올까?
5	내가 올 지 어떻게 알았어?
2	아니 목사님이 맨날 형 얘기 한다고. 형 교회 안 나오면 엄마 체면이 깎인다던데.
7	집에 있는거 먹으면 되지. 아니면 나가서 먹든가.
4	"그럼 아저씨도 제 마음 아시죠? 저 정말 콩이를 찾고 싶어요.      	 저한테 정말, 너무 소중한 아이에요."
5	 어? 그럼 나 안 나가도 돼?
3	이것들이…?
0	 당신이 먼저 끼어들어서 내 차를 들이 박았잖아!
4	다른 데 가도 다 똑같아.
2	할머니 뭐 아는 향수 있어?
1	그건 그래. 나도 뉴스 좀 봐야겠다.
0	고학년이 됐으면 더 성숙해져야지.. 친구랑 이런 일로 싸울거야..?
3	내가 왜 불렀는 줄 알지?
4	네 그렇습니다…
2	태풍이 오면 3-4일은 꼼짝없이 집에 있을수도 있는데.. 저정도는 사야지.니가 좀 많이 먹냐.
3	말도 안돼요.
2	아… 그런게 아니라…
0	왜 뭔 데.
0	나도 젊어.
5	캬. 그럼 강 팀장님은 곧 승진도 하시겠어요?
2	김교수도 이번에 영국 가?
7	 사진도 찍고 싶어요...
5	복도에? 복도는 공용공간 아니야? 민원 좀 넣어.
6	사랑싸움 하느라 이성이 마비된 애들만 나오는거 잖아 순정만화는.
7	짠! 놀이공원 티켓이다! 이거 자유이용권 아빠 회사로 나온건데, 아빠가 사람들이랑 가위바위보 해서 이겨서 가져온거야. 잘했지?
1	어. 지금 일단 그러고 있는 중이야.
0	그럼 대체 언제까지 숨기려고 한거냐?
7	창문 열어 놓으니까 이제 제법 쌀쌀하다.
1	네. 언제부터 운전하셨어요?
2	"너무 오래 걸리는데?	 사올 것도 몇 개 없어서 그냥 혼자 보냈는데, 	 무슨 일이지?"
4	엄마가 지금 배가 너무 아파서 병원에 갔어
5	저 종점까지 가는데요, 무슨 일이신데요?
2	사장님… 저 이번달 월급 가불좀 해주시면 안될까요? 원래 안되는 거 아는데.. 제가.. 사정이 좀 있어서요..
4	어. 그런 거 같아. 내가 지희랑 같이 구해주러 갔는데. 우리 둘 다 고양이 만지는거 무서워서 못 구해줬어.
2	그 아빠 목소리처럼 변하는 거.
7	그래. 나가 봐라. 근데 거기 나가려면 뭐 돈이 필요하거나 그런 거 아니야?
7	그래서요. 선생님이 찼어요?
6	유치해서 그걸 어떻게 봐
0	습! 어디 아저씨래!
6	"헐...	 근데 할아버지 왜 안자요? 	 원래 이 시간부터 자잖아요."
7	뭐, 나쁘지 않게 생겼단 얘기야.
4	"아니다. 참 참한 처자였는데, 집안이 가난하다는 	이유로 내가 반대를 했어. 	너희 아빠는 그 처자를 잡았지만, 여자는 결국 떠났지."
2	자기. 왜 그래.
2	잘 설득해야죠.
4	좀 됐어. 올해 초쯤.
7	 뭐야…. 고마워.
2	근데 꼭 그 소리만도 아닌게 이상한 짐승 소리 같은게 막 들리는거야.
4	엄마 진짜 잘못했어. 내가 진짜 입이 열 개라도 할 말이 없어. 용서해줘.
3	 아이스 아메리카노.
4	시급은 똑같이 최저시급이야. 둘 다 집에서 15분 거리이고.
7	그랬었어. 형수가 좀 예쁘셔야지. 형이 맨날 걱정했잖아.
7	네 저쪽으로 쭉 내려가면 콩나물 있어요.
7	여보, 우리 이번 추석 때 해외여행이나 갈까?
5	에프? 에프가 있어? 어쩌다가 에프가 나왔냐?
4	네.. 제가 원래는.. 평소에 잘 외우거든요? 근데 오늘은 이상하게 잘 안 외워져요..
7	그래. 봐.
0	예? 지금 악담하고 계신거에요?
7	 아 오빠아아아아. 한 번만 보여줘.       내가 이따가, 아이스크림 사올게.
0	아니 나는 맛있다니까? 내가 내 돈주고 사오는 건데, 너는 내가 무슨 음식 좋아하는지 한번 생각해 본 적 있어? 중학생이나 돼서 그렇게 엄마 마음을 못 헤아려?
5	말하라고 알려준 거 아니야?
6	늘 보면서 지내지만
4	그래. 사람을 중심으로 돌아 가야 하는 데.
5	 캡이요? 없는데요?
4	"어... 그것도 그건데....	 삼촌, 방금 여자친구한테 차였어..."
0	괜히 병 키우지 말고, 빨리 가.
2	지금! 지금! 잠깐만 나 가방만 가져올게.
1	아니 말꼬리 잡는 게 아니라, 니가 갑자기 우리가 친하다는 얘기를 할 정도면 뭔가 꿍꿍이가 있다는 뜻이잖아.
4	셋. 군대를 만기 전역했는가? 만기 전역 안 한 놈은 사람이 아니야.
4	어떻게 사람이 24시간 집중을 해 말이 돼? 다섯 바늘만 꿰매면 된다잖아.
0	몰라. 엄마는 미나 누나 편만 들고. 미워.
1	너무 기본적인 걸 묻나 싶어서, 망설였는데. 여쭤보길 잘한 거 같아요.
7	그래. 그럼 점심 때 비빔밥 먹을 사람을 모아보자.
4	 아니, 그런 건 아닌데, 나만 돈 못 버니까 억울해.
6	"노트북? 집 컴퓨터 있잖아. 	갑자기 노트북이 왜 필요해?"
6	어 완전 이상할 거 같아.
4	다 풀었는데.. 잃어버렸어요.
5	그 왜 상가 옆에 새로 생긴 카페도 커피가 괜찮던데?
4	아예 작정을 하고 나왔더라고. 나간 내가 모지리지.
3	신고하세요~ 저도 다 알아보고 통보한거니까요.
3	그럼 몸으로 때워야지. 너 여기 꼼짝말고 있어.
6	어! 적어도 그런 척이라도 하던가!
2	아니 뭐 누나 돈 버니까, 난 아직 학생이고
1	응. 나는 집이 엄청 가깝거든.
3	피지컬이 안되면 그냥 바둑이나 장기를 두세요 그럼.
2	제가 뭘 잘못한 게 있나요?
4	 아, 오늘까지만 먹고 안 먹을게.
3	너 지금 엄마 요리 평가하냐?
2	지난번보다 150원.
2	야. 너네 회사는 좀 어떠냐?
6	맛있었지?
6	잘 튼다니까. 그리고 요즘 별로 덥지도 않어.
0	그걸 어떻게 버려? 내가 얼마나 잘 끼고 다니는데.
0	나이를 생각해야지 예전 생각을 왜해. 너 뭐 유산균 같은 것도 안 챙겨먹지? 무조건 유산균 바로 주문해서 먹어라.
3	어깨가 빠져? 어디 한 번 봅시다 그 어깨! 누굴 사기꾼으로 몰아?!
5	곱해?
4	아니야 엄마, 나는 바보야. 신발이 그렇게 비싼 줄도 모르고… 그래도 신발가게 옆에 서점이 있어서…
1	내가 그 뒤로는 정신이 없어서 잘 기억이 안 나.
0	돈 좀 아껴쓰라니까.
0	베트남전쟁 이놈아. 너는 그것도 모르냐?
5	백만원? 햐, 웬만한 컴퓨터 두 대는 사겠네.
3	그러면 좀 낫니?
5	4랑...30..어 뭐야 이거 있어! 있어! 잠깐만 이거 네 개면 몇등이야?
6	아니, 그게 그렇게 순식간에 나갈 줄 몰랐지.
3	노잼이야? 처음에는 괜찮다며.
3	맨날맨날 발라? 손을 씻을 때마다?
3	아니, 너도 이제 내년이면 서른인데 결혼하고 싶은 마음은 안 드냐?
1	그래. 얼른 낫기나 해.
5	만나자마자 임신한거야?
0	아휴… 속이 터진다, 진짜..!
4	내가 뭐든 할게. 어? 시키는대로 다 할게.
5	적금을?
1	한 쪽 붙이는데 한 3분...?
3	어떻게 침도 안 바르고 그렇게 거짓말을 해, 무섭다… 소름 돋아.
6	" 	너 이혼 생각 없지?"
4	애구.. 미안.. 자고 가진 못 할 거 같아
6	응. 그래서 그 때 이후로 승아가 자기는 이제 남자 절대 안 만난다고        그렇게 노래를 부르더니, 결국 또 다른 남자 만나서 잘 사귀고 있어.
3	응 아니야. 엄마 지분은 있어도 니 지분은 없어. 안돼.
3	다른 애들은 남의 집 자식이니까 모르겠고, 너는 맨날 봐야되잖니.
4	네. 너무너무 배고파요. 거기다가 운동도 해야 되니까...
3	나는 너 일주일 다니고 때려친다에 만 원 건다.
1	네 그럼요. 책상 앞에서 오래 앉아 있으면 힘든 거랑 마찬가지에요..
0	너, 이번 학기 성적은 나왔어?
4	그냥 멀리서 지켜만 봤지. 하교 시간 맞춰서 나도 같이 하교하고.
5	그래서 좋아?
7	허허. 우리 집사람이랑. 너무 오래 전이라 기억이 가물가물 하네.
7	 아야. 야 살살 해. 아파.
7	그렇구나. 지호는 밖에 나가서 노는 건 재미 없어?
2	야, 이거 보통 일이 아니다…
4	그럼 병준이 배에 멍든 거에 대해서도 알고 있니?
5	"네. 주민이가 어머님께도 말씀을 안 드리고 출마했구나.	 어머니, 주민이가 인기가 많아요. 	 후보가 여러 명 있었는데 주민이가 거의 몰표를 받았어요."
5	너는?
2	미안해. 형한테 미리 말했어야 됐는데, 이제서야 말하게 됐어.
4	안 말할게. 알려줘~
7	 출혈로 위험할 수 있었는데, 보호자 분이 잘 지혈해주신 상태로 내원해서 다행이었습니다.
7	황금! 우리 황금 어딨어.
6	갠 그런 거 싫어해.
1	그래. 뭐 너 알아서 해라. 나는 그냥 양만 채워 줘도 상관 없긴 해.
1	행님은 언제 헤어지십니까?
5	그래? 근데 다른 할머니들한테서도 할머니 냄새가 나.
0	부끄러움을 아는 것! 수치심을 아는 것! 그거에요!
2	네...
6	아 뭘 거울을 예뻐져서 보나? 그냥 보는거지.
4	갑자기 혈압이 너무 낮아지셔서, 지금 입원하셨어요.        저는 아버지 짐 좀 챙기러 왔어요.
2	그래서, 어떻게 됐는데요?
0	 오른쪽 2층 상대 피 없어. 포커싱 포커싱.
3	철수가 그러더라, 천 만원이면 사람도 죽여준다고.
0	블랙박스가 뭐 필수에요? 내가 블랙박스 안 달아서 죄인입니까?
1	맞는 말이야.
5	어! 왜.
1	나 진짜 오늘 멋있어보여야 되는데 .
5	음… 태권도나 복싱 같은거?
7	니가 전공이 뭐였지?
2	진짜 죄송해요.. 저희도 될 줄 알았는데 이게 일이 이렇게 됐네요. 죄송합니다.
7	에이~ 착해서 좋아하는거야 예뻐서 좋아하는거야?
7	네. 100일이라니까요.
4	이모, 나도 돈 벌고 싶어.
7	음… 그럼 나 노트북 새로 사주면 안 돼?
7	나도 먹어봐도 돼?
4	이 동네에서 도배는 오래 하셨어요?
6	뭐?
2	아빠 왜 귀신 얘기하고 그래.. 무섭잖아..
4	왜 엄마랑 아빠는 즐거운 일이 없고 맨날 싸워?
6	그런게 중요한 게 아니야.
3	멍청한 짓 좀 하지마.
2	그럼 어떡해요.  진짜 아무 때나 부르면 어떡해.
6	어휴. 아무튼 그 극성맞은 엄마들이 문제야. 애들이 나가서 뛰어놀고 해야지.             맨날 학원에 과외에 시험에.
3	내가 집에 맨날 같이 있는데 못 봤거든?
5	너 양평 산다고 하지 않았어?
3	그래도 가야 하지 않을까요?
2	오래되긴 했어. 한 20년?
7	네. 1주년...
4	앞으로 힘든일이 더 많을거에요... 어머님이 강해지셔야 아이도 강해질 수 있어요.. 마음 단단히 먹으셔야 해요…
0	그래도 일하는데 와서 이러는 건 내가 너무 불편해
1	축하해. 복학은 언제 해?
4	너무 비싸서요… 제가 지금 삼천 원 밖에 없거든요…
5	누구지?
0	아빠는 어딨는지도 몰라요. 아 어쨌든 나는 몰라요. 모른다고요.
7	 조용히 해 임마 아버지 거실에 계셔.
5	카메라는 갑자기 왜 사려고? 집에 있잖아. 카메라.
5	"어. 팬클럽 가입하면 무슨 사인회도 갈 수 있고, 	 응원 봉도, 준대."
1	그래? 그럼 내가 이모 회사 주변 맛집 리스트 만들어 줄게. 그 리스트대로만 먹어. 알았지?
0	"아이 참. 알았다니까. 아빠 빨리 나가요.	 나 진짜 늦게 생겼어."
2	제가 짰는데요. 그 저번 주에 원장쌤 보여드리고 결제 받았는데?
3	물냉면… 진짜 맛 없어.
7	니가 속상하면 싫잖아. 그래서 그래. 면 다시 삶을게.
0	그럴거면 밖에서 데이트 왜 하는건데?
2	회사는 잠깐 쉴려고.
3	 서비스업 5년이면 이렇게 된다.
0	다음부터는 데려오지 마. 알았지?
2	평생 일만 해도 못 모을 수도 있어.
6	지금부터 시-작!
0	 왜 자꾸 거짓말하세요. 다 아는데!
4	아… 20프로가 더 올랐네요.
1	근데 너는? 너는 운동 못 하잖아.
4	일단 기다려 보자.
3	엄마한테는 숙제 했다고 했지 너?
6	어. 자꾸 무네.
7	아아, 알았어! 선생님이 있다 가져다줄게.
7	그래요. 전화 빨리 해야 돼. 아까 오전에 본 학생도 엄청 마음에 들어했어.
0	 아 어제 모기 있어가지고 4시까지 못 잤다고.
0	인사 좀 안 할 수도 있지.
2	근데 그렇게 쌌어? 안심 800 그램이 어떻게 만 오천 원 밖에 안했지?
7	"에이. 나 그렇게 좋은 사람 아닌데. 나 너한테만 잘해주는거야. 	내가 너 좋아하니까."
7	너 요즘 이튜버들 알지?
3	한 달 간은 자차 사용 가능하지 않아요?
7	이게 상황버섯 추출물이 들어간 영양제인데요. 상황버섯 추출물 뿐만이 아니고 하루에 먹어야 하는 필수 비타민이 다 포함된, 아주 편리한 제품이에요.
1	CCTV 달기를 진짜 잘했지 뭐... 일하는 공간 쪽으로도 다는 게 비용 문제도 그렇고 좀 찝찝했는데...
3	성호는 만나는 애 없대?
1	그냥, 그냥 그렇게 해주세요.
0	나 때는 사전을 달달달달 외웠어요.
0	알겠어.
7	안돼.
4	근데 전에 상담칼럼 보니까 나랑 똑같이 고민하는 부모가 직접 게임을 하면서 아이와 대화시간을 늘려가다보니까 게임중독이 고쳐졌다는거야.
7	우와, 무슨 꿈인데?
7	오늘 메뉴 뭔 줄 아세요?
1	작년에 어깨 수술을 했어? 아니, 왜?
0	전화도 안 받네. 이거 큰 일 났다. 야.
3	응 안빌려줘.
1	너 방 동생 공부방으로 좀 쓰게.
2	"아...예진씨 오면 같이 말하려고 했는데.	 응. 아저씨 오늘 나윤이한테 허락받으러 온 거야."
3	"하여간, 못된 거는 아주 순식간에 캐치하는구만. 	 너 그런 거 따라하지마!"
3	쥐? 아파트에 왠 쥐야.
6	"레벨이 안 맞아? 	다른 반으로 옮겨볼까?"
0	야 더럽게 무식하면 아가리나 여물고 있어.
2	맞습니다. 저도 운동 좀 해야 될텐데.
4	어? 이게 누구야? 이팀장이 좋아하는 우리 이모 아니야?
6	너 오늘 학교에서 누구랑 싸웠어?
4	난 가난뱅이는 되기 싫단 말이야.
1	왜?
2	죄송합니다. 교수님.
4	저도 이 일, 오래 못할 거 같아요. 매번.. 새우잠 자고, 밥도 제대로 못 챙겨먹고..
7	음… 나는 스위스가 엄청 좋았어.       내가 갔을 때, 눈이 엄청 내렸거든. 그래서 버스에 갇혀서      한참동안 앞으로 못 갔었어. 근데 그 시간이 너무 좋더라.
6	너 혹시 새 신발 갖고 싶어서 거짓말 치는 거 아니야?
0	"아니, 건조대에 올려 놨으면, 먼지 안 쌓이게 덮개를 덮어놔야지,	 그냥 공기 중에 헤벌레, 펼쳐 놓으면 되겠어 그게?"
7	오~ 이젠 이모한테 소리지르기 까지 할 수 있네. 너는 동시에 정말 많은 일을 할 수 있구나.. 넌 꼭 요리사가 되어야겠다!
6	그냥. 뭔가 따뜻하고 맛있는거.
5	아니.
0	너가 사람새끼냐?
6	위급상황에서 쓰라고 줬던 신용카드요?
3	꼴랑 그 전세자금 조금 보태 준 걸로, 지금 나 겁박하는 거야?
6	운명이 아닌 거지 우린.
6	저라고 하고 싶어서 시작했겠어요?중학생이라고 다 안 써준다잖아요.편의점에서도 퇴짜맞고.
4	지금도 친구 없는데 가면 친구 새로 사귄다고? 내가? 나는 중학생 되면 친구 더 없을 것 같은데.
7	삼촌 나 삼촌 안경 써 봐도 돼?
2	네?
1	내면의 변화가 스토리다?
3	야, 너가 그렇게 산다고 누가 알아준대?        그 돈 아껴서 승아 맛있는 거나 사줘.
7	응 그거 진짜 재밌어. 이번에 시즌 파이브 했는데 너무 재밌어 가지고 시즌 원부터 포까지 다운 받아 놨잖아.
0	이번에는 투표를 똑바로 해야지. 그래, 안 그래?
4	그건 다 좋아서 그런거잖아요.
6	어제 팔 때리고, 발로 차고 그랬어.
4	응. 이상철.
3	침해? 니가 학교에서 분위기 흐리면? 다른 애들 권리 침해하는거 아니야?
6	개꿈 아닌데. 공룡 꿈인데..!
2	엄마랑 결혼? 갑자기 그건 왜?
7	잘했다. 마음은 좀 풀렸어?
7	 나 돈 좀…
6	또 깜빡 하신거에요?
6	"안돼. 첫째로 니가 다칠까봐 안되고, 	 둘째로 내 킥순이가 다칠까봐 안돼."
4	그게 무슨 소리야?
4	핸드폰이 꺼져있으면 엄마도 걱정하시겠네요..
2	아니… 나 친구들이랑 다음 달에 여행 가기로 해서.
6	 선생님 공부하기 싫어요.
6	…대학원 다녀요.
7	아, 네.        음 그럼 첫 질문은, 좀 가볍게 시작할까요?
5	뭐?
5	 음음 그죠.
0	 어쩐지 요즘 자꾸 거울을 보더라니. 너 저번에 인터넷으로 옷 잔뜩 주문한 것도 걔 때문이지? 으이그. 한참 공부할 땐데.
4	내가?  별로 인기 없어.
4	그게… 우리 세대 남자들이 그렇게 하는 법을 어디 아나? 누가 가르쳐줬어야지.
6	그런 사람, 진짜 있구나.
0	선산에 있는 동물들은 다 조상님 덕 보는 영물들이니까! 다신 그런 짓 하지 말아라.
4	그러게요 정말 부끄럽네요..  아 이번에 회사에서 불우 이웃 성금을 모으던데 거기에 돈을 좀 보태야 겠어요
3	 예예. 알~겠습니다. 다음부터 조~심하겠습니다아.
2	손님, 무슨 말씀을 하시는지 잘 모르겠는데요.
5	헐… 저는 전직 모델이라고만 알고 있었죠.
6	미안 미안. 열자마자 냄새가 역해서.
6	"그니까 너한테 부탁을 한 거 아니야. 흔적이 쉽게 남았으면 이미 나도 찾았지.	 우리 오래 볼 사이 아니었어?"
6	같이 늙어가는 처지? 당신은 애들 보기 부끄럽지도 않아?
4	아니.. 아이 원하지 않는다고 이야기 했었어.
5	 효진아 너 담배 폈니?
0	진수 그 노므자식 안 되겠구만.
3	언니 진짜 고인물같아..
6	그럼 혹시 오늘 호박죽 얘기하려고?
2	그래도 삼천은 너무했다..
6	엄마 나 유학가고 싶어.
3	그러게. 자기 집 깔고 앉아 있으면 앉은 자리에서 2억이 들어오는데 말이야.
0	성분은 똑같아. 농도가 다른거지.
6	그러니까. 그래서 난 다이어트해도 말 안해. 몰래 몰래 해야지.
6	정들어서 그렇지. 정 들어서. 그놈의 정 때문에.
5	지금? 너도?
0	머리 이상하다고 외출도 안하시면서! 마트 다녀오시게요?
5	아 커피 안 드시는구나. 차 드릴게요. 어떤 거 좋아하세요?
6	" 너 그래서 사회생활 어떻게 하냐? 	진짜 신기하다 신기해."
6	에이, 뭐야. 그렇게 곤란한 말도 아니네!
4	뭐, 시험에 붙어야 되니까. 그건 모르는 일이지. 근데 얼른 시험 붙고 결혼 하고싶다. 이 사람 아니면 안될 것 같아.
4	결혼해서 와이프한테 어떻게 해야할지 모르겠더라고.
7	 그래? 깍두기 담아놨는데.
5	이거보다 맛있을까?
6	글쎄 얘가 요즘 표정이 영 안 좋긴 했는데. 특별히 뭐 문제있다는 얘기는 못 들었는데...
1	 왜.
4	심각한 건 아닌데… 놀라지 말고.. 다 괜찮아질거니까..
1	고양이 양말?
1	그치. 요즘 60대는 40대나 체력적으로 큰 차이가 없다더라. 근데 어쩌다가 김순례님 방송을 보게 된 거야?
6	근데 걔가 저를 좋아해요.
0	고민을 해볼까 말까 물었는데, 무슨 소리를 하고 있어? 대답해봐. 내가 너네 물건 쓸지 말지, 고민을 해볼까?
6	근데, 그렇다고 해도, 이건 심각한 문제야.         사람을 죽인다는 건…. 보통 일이 아니야 현재야.
3	여기는 찻 집이 이렇게 다 방으로 되어 있잖아.
4	내년에. 사야지. 돈 모아야지.
0	아 형준이 좀 조용히 하라고 해! 맨날 노래 틀고 지랄하고 있어.
0	보챈다니요… 제가 원장님께 적선 받습니까? 정당하게 일해서 받는 임금인데, 어떻게 그렇게 말씀하십니까?
3	김 부장 덕분에 엔터 쪽도 잘 굴러가잖아.
5	뭔데요?
0	선생님은 뭘 몰라요. 전학가면 왕따 되는 거라고요. 왕따.
3	어우 더러워. 맨날 하는 얘기마다 왜그래?
5	시강 했는데 잘하던데? 어학원 경력이 있어서 그런가?
3	하, 천지님…? 엄마…. 제발 정신차려… 미친 사이비 종교에 빠져서 왜 이러는거야!
4	"당연히 속상하지요. 	 거기가, 바깥 양반이랑, 그릇장까지 하나하나 다~ 만들어서 꾸며놓은 곳인데."
0	삼촌 정말 너무해. 나한테는 신경도 안 써주고.
2	네 알겠습니다. 미리 말씀 못 드려서 죄송합니다. 다음에는 꼭 먼저 말씀 드릴게요.
1	90년생이 벌써 엄마가 될 나이야? 어머 세상에… 하긴! 90년생이 서른이니까.
7	벌써 배가 부르네요!
6	아니. 그거는 생리대라는 건데. 여자들이 어른이 되면 생리라는 걸 하게 되거든. 그 때 쓰는 거야.
4	 아 아니에요 아무것도..
1	당연하지. 어릴 때 커피 많이 마셔놔야 어른되서 미국 사람처럼 크는거야.
7	내가 엄마한테 꼭 말할게.
6	맞아 그런 놈들도 사람 봐가면서 성질 부리는거지
0	여자는 안 좋아?
1	아니야. 그래도, 끈질기게 풀다보면, 답이 보이게 되어 있어.
0	아… 아들이니까 참지… 너 너무 심한 거 아니야? 남의 신체부위 가지고 그렇게 놀리는 거 아니랬지. 그리고 그렇게 평가하고 지적질하는 것도 아주 나쁜 거야.
2	삼촌…. 돈 좀 있어?
4	응… 왠지 미안한 기분이 들었어
6	같은 날 태어났는데 왜 언니라고 불러야 돼요?
7	"어 당연히 알지. 	 오빠 쫌 불쌍하다."
1	자네 이야기 들었어? 세철이 말이야. 이번에 국회의원 선거에 나간다고 하더라고.
4	그러니까요. 장례식장은 어디서 한대요? 저희도 가봐야 하는 거 아니에요?
1	너 저번에 빨래한 옷 입어도 몸이 간지럽다고 했지?
7	전복장만 조금 드셨네. 그건 좀 입맛에 맞으셨나보네.
2	응, 그래서? 그랬는데?
5	그럼 직장 그만 두고 뭐하려고?
7	"네 원래 거의 안 먹어요. 일 년에 한 번? 두 번? 	정도 먹는 것 같아요."
7	"아고오. 태민이 키 엄청 크려나보다. 눈 깜빡하면 커 있네. 	 학교 갔다가 엄마랑 쇼핑갈까? 신발이랑 옷 좀 사러 가자."
6	"아... 좋네요...	 근데 앞에 상가하고 엄청 가깝게 붙어있네요?"
1	그건 그런 거 같아.
5	있으니까 먹었지.
6	"그치만….  그럼 왜 추석 때는 여자들만 일하고, 남자들은 일 안해요?      	왜 엄마만 일하고, 아빠는 누워서 잠만 자요?"
2	지금 부장님이 집안 일이 좀 있으셔서. 회사 출근도 못하셨거든요.
7	그래. 나 한 번 말한건 꼭 지킨다. 알지?
3	참나.. 너는 케잌이 그렇게 좋아?
2	고양이… 내가 잘 키울 수 있을까? 한 번도 키운다는 걸 진지하게 고려해본 적이 없어서 모르겠어.
0	내가 아줌마 아버지 같다니. 내가 이래봬도 나이가 어려.
4	나도 키우고 싶다..
3	먹고 양치 했어 안했어?
0	그럼 시험 끝나고 가자고 그래. 일주일 지난다고 놀이공원 안 없어지니까.
3	아, 나 진짜 급해요 아가씨.
4	 나 다음 시간 체육이야. 체육복 갈아입으러 가야 돼.
6	나는 배불러. 아까 너랑 같이 점심 먹었잖아.
1	너, 작년 여름에 엄마가 어린이 수영 캠프 보냈었잖아.
6	이름이… 김현재? 현재야. 이렇게 불러도 되지?
5	뭐 드시고 싶으세요? 이따가 장봐서 해드릴게요.
6	 니가 뭘 알겠니.
1	무슨 원피스?
3	너는 말해줘도 몰라.
3	자기보다 어리다고 바로 반말하고 그러면 안되지.
0	그거 근데 아주 말이 많더라구요.
2	나도 모르겠어.. 근데 발끝부터 찌릿찌릿하면서 아프더니 점점 올라와.. 아까는 발목.. 지금은 종아리..
7	계좌 알려주세요. 보내드릴게요.
3	누가 시켜 달랬나? 엄마가 강제로 시킨 거지!
6	"걔는 언니 아니에요.	 언니면 동생도 이뻐해주고 그래야되는데,	 김하경은 맨날 내꺼 뺏어가고, 괴롭히고."
3	쌤 기간제라면서요. 임용 통과 못해서, 지금 기간제 하시는 거, 아니에요?         저한테 이래라~ 저래라~ 하실, 자격이나 되세요?
4	왜 태후야? 원래 태권도 선수 되고 싶다고 하지 않았어?
4	그렇지... 세상은 기다려주질 않아..
1	벌써는. 나랑 비슷한데 뭐. 이제 결혼 할 때 됐지. 그리고 상윤이 여자친구랑 워낙에 오래 만났잖냐.
3	뭐 할머니 안무섭다며!
4	그렇게 말씀하시니까 저까지 슬퍼지잖아요.
1	아빠 나 이제 다 컸으니까 걱정하지 말고 나한테 다 얘기해.
3	에휴... 그건 어른들의 착각이죠. 내가 아는걸 선생님이 정말 다 안다고 생각하세요?
0	좋게 이야기 해보려 했는데… 말이 안 통하시는 분이시네. 저. 소송겁니다.
5	 물이요? 제가요?
0	아들이 보기엔 엄마가 잘못했니?             자기랑 의견이 다르면 화부터 내고 보는데 엄마가 그런 의견도 못낼 사람이야?
0	저는 삼촌 나이 안 까먹거든요.
6	그건 그렇지.  니가 집에 들어가서        잠깐 아버지랑 지낼 생각은 없냐?
1	그래? 무슨 숙제인데 그래?
7	맛있지 아빠?
7	나 삼촌꺼 한 입 마셔봐도 돼?
5	선조들이 뭔데요?
4	선생님이 너무 애들이 만든 것 같지 않게 만들었다고, 내 손으로 만든 게 아니라면서 혼냈어.
4	너, 갑자기 전학 가면서 연락도 다 무시하더니 이렇게 모르는 척 할 거야? 너랑 나랑 은희랑 셋이서 맨날 같이 다녔는데! 학원도 같이 다니고.
4	 아. 저 죽었어요.
7	여기 새로 생긴 카페래. 나 계속 와보고 싶었는데 이제 와보네
5	콩나물?! 그럼 여기 말고, 슈퍼에 가야되겠다.
2	" 어...아저씨?	 어... 그게... 아저씬...엄마 친구..야!"
5	와… 요새는 무슨 차에 치인 것도 아니고.. 자기가 어깨에 와서 부딪혀놓고, 그걸로 보험금을 타내려고 하는 사기도 있구나….?
1	응, 기억 안 나.
1	세연이 있잖아, 내가 좋아한다고 했던 애.
7	내 생일 9랑 18.
0	왜?
6	교복입은 거 보면 고등학생 같은데?
7	니 코 남자답게 잘 생겼어.
3	에휴.. 내가 언니 때문에 못살아. 빨리 시작하자 노래. 안그럼 엄마한테 들켜서 혼나.
3	여태 밥도 못 먹고 뭐했니?
7	맛있게 하려고 신경 많이 쓰거든요.
6	 아 진짜! 내가 못생겼어 솔직히??! 어??!
5	와… 진짜 그럴거 같아요.
3	진짜 상상이상의 고통이야. 나 요새 살도 엄청 빠졌어.
5	맞아 화면이 막 접히더라.
5	나 설거지 했는데?
7	그래. 고마워. 
1	그럼. 할머니랑 엄마랑 같은 학교, 같은 의대를 나왔지. 엄마는 할머니 딸이기도 하지만 대학교 후배이기도 해.
3	여자가 뭐 병수발 드는 사람이야? 이상한 소릴하고 있어.  엄마… 요즘 어디가서 그런 소리 하면 무식하단 소리 들어.
4	가는걸 허락하셨다고요? 저랑은 안 가는걸 허락해주셨는데…?
3	어머, 제가 그런가요?
5	아빠 돈 있어요?
5	 엄마가 언제. 아 진짜 무슨 일인데.
5	어떻게 가셨는데요...?
6	 여기요.
0	이녀석이 끝까지!! 너 진짜 나쁜거니까 하지 말라는 거지. 너 진짜 밖에 나가서 그러면 안 돼!
3	너 요즘 맨날 핸드폰만 보잖아.
3	허락 구했잖아요.
5	할머니 그러다 죽어요. 계속 집 없어요?
3	말은 잘 한다… 배가 어떻게 아픈데? 약 사다줘?
7	그래.
1	누나! 나 드디어..! 드디어..!
5	기타 선율이라는게… 진짜 묘해… 마법같아.
0	아 엄마 이렇게 잔소리할까봐 내가 얘기 못 한 거야.
2	정말? 너무 무섭다. 당 절대 떨어지면 안되겠다..
6	"말 하긴 했는데요, 	진짜 억울한데, 선생님이 저 안 믿어주는 것 같아요."
6	"백화점만 가면, 엄마 본 데 또 보고, 본 데 또 보고,	 갔던 데 또 가고, 또 가고- 그러잖아."
4	그게… 나 차 박았어.
4	너무 걱정하지 마세요.
6	 아 그런 거 아니야.
0	형! 형이 어제 치킨 남은 거 다 먹었어?
1	일단 학점관리 잘하고, 아직 3학년이면 나중에 걱정해.
4	어휴. 이래서 자식 키워봤자 아무짝에도 쓸모 없다니까 그냥. 
2	너무 무서웠어…
4	그러게 진짜 안타까운 일이야.. 탈의실에 CCTV를 설치할수도 없고 정말 난감한 일이지..
2	솔직히 너무 돈벌이 용이어서…
6	그게 뭐야.
7	"내가 한 사십 대 쯤 맞고, 걔가 한 육십 삼 대 쯤 맞았는데	 내가 또 마지막 판을 이긴 거야."
6	어.
2	그럴까요…. 전 잘 모르겠어요. 아버지는 제가 그 얘기 하려고만 해도 화내시고.
7	 헤헤. 감사합니다.
0	아 진짜 엄마!!
1	약이야. 먹어도 돼.
1	응. 나 이사 처음 가봤어.
7	"알았어. 요즘은 뭐 간소하게 하는 게 추세라더라. 	 결혼식 성대하게 해봤자 돈만 많이들지. 	 잘 선택했다."
2	그래.        오, 남산에서 본 사람이 있대.
1	그렇지. 거의 남이지. 사실 지나가는 사람들도 붙잡고 보면, 누구네 친척네 친척네 친척일 수 있잖아?
0	아빠 그러니까 내가 미리미리 사람도 부르고 관리를 해야된다고 그랬잖아!
2	아… 맞다…
7	" 이야아 선견지명이 있네! 나 츄리닝 좀 빌려줘.	  본격적으로 달려보자."
5	아니 아무리 그래도 결혼기념일을 까먹는다고?
6	"와. 죽치고 있는다고요?	 제가 여기 왜 오는 지 아세요? 자리 많아서에요.  커피 맛 드럽게 없는데, 그래서 손님이 없으니까, 눈치는 안 봐도 되겠네, 싶어서 오는 거라구요."
3	미안. 근데 진짜 토할거 같아. 발 다 씻고 오면 나 불러줘. 알았지?
0	휴.. 강인아. 그거는, 우리 집에서나 그렇게 할 수 있는 거고. 이렇게 공공장소에서는 그러면 안 돼.
6	"그죠? 	 자기 싫은 소리 듣기 싫어서, 남한테 다 퍼주는 스타일이거든.	 그때 워크샵도 어디로 갔다고 그랬지?"
1	네! 유민이네 엄마가 스파게티 만들어줘서 그거 엄청 많이 먹었어요.
3	너는 사랑 해봤니?
0	장사할 수 있겠냐? 니가 에어컨 다 뜯어 놨는데.
2	 안녕….
6	이놈아. 너 엄마한테 그렇게 말 할거야?
0	"아 진짜! 내가 언제 고3이라고 다 해달라 했어?	 내가 있다 치운다니까 왜 그래!"
5	아주 구체적이시네요.
4	네… 계속 월세 살다가… 이번에 대출 좀 받아서 전세로 들어왔어요.
7	 여기.
0	저번에 내가 내용 알려주고, 내 생각 조금 이야기했더니,       토론할 때 니가 홀라당 다 써먹었잖아.
0	"어. 대체 그릇을 뭘로 닦는 거야.	 왜 이렇게 먼지가 많아."
4	그러다가 선생님 안 계시면 또 혼자가 되고?
6	잘못하면, 까딱 죽을 수도 있단 말이야.
5	아무 것도 손에 안 잡히고 손주 생각밖에 안 나더라구요.
3	야, 니 사촌 동생한테 꼬맹이가 뭐야, 꼬맹이가. 걔 너보다 두 살 밖에 안 어린데. 꼬맹이라고 말하기도 좀 어색한 나이 아니야?
2	예를 들면?
7	방학 숙제.
1	코너 캔디 샤 -샤샤 예-예.
6	"엄마가 형, 엄청 큰 회사 다닌다고 했는데.	 삼별전자!	 형이 왜 백수야?"
6	에이, 과장한거지. 암튼, 그래서 은경이랑 너무 안 좋게 끝나서.       다시 만나면 나 싸대기 맞을걸?
1	스케치북이랑 크레파스! 가져가서 택수 그려 오자. 그리고 태블릿도 챙겨. 같이 사진도 찍고 오자.
7	 음… 시리얼 먹을래!
5	어. 누나네도 있구나 그런 사람.
2	어쩌냐. 그 정도면 병원에 가야 하는거 아니야?
7	잘 됐지 뭐. 우리 아파트가 낡아서 엘리베이터가 오래 됐잖아.
3	해인이가 착해? 해인이 어떤 면이 그렇게 착한데?
2	 죄송합니다... 진짜 잘해보겠습니다.
5	그래? 잠깐 뭐 사러 갔나보다.
3	얼마나 됐니?
6	아니, 술 마신 다음날은 콩나물국을 먹어줘야된다고.        안 그러면 회사에서 계속 물만 먹는다니까?
2	그거 장가는 제대로 가려나 몰라.
6	"아 누나 진짜 짜증나. 	맨날 와서 술주정 부리고 나 때리고."
6	맞아요. 걔는 성격이 너무 더러워!
5	어떤 베개지…?
5	뭔데? 얘기 해줘.
7	그렇지? 나도 젊게 살고 싶어.
0	그래도 이렇게 갑자기… 너무 갑작스러운데..
1	응. 알았어. 이따가 바로 가야겠다.
7	호호초밥 괜찮네.
7	아이고. 아버님 맞습니다 맞아요. 원 플러스 원이에요. 뿐만 아니라 한 번에 열 박스 구매시에는, 사은품으로 선풍기를 드리고 있어요.
1	우울할 게 뭐 있냐. 세상사 다 그런 것이지.
2	전도사님. 저 궁금한 게 있는데요.
4	행님. 저 이별 택시 탔습니다.
3	"어. 이모도 이제 잔뜩 먹으려구. 	 이모 이제 테이블 돌아야돼서, 가볼게."
3	응 여기 개판이야. 수업 시간에 대놓고 자는 애들이 절반이고, 선생들은 야구 빠따 들고 다니면서 애들 개 패듯이 팬다.
6	"그래?  	여기 괄호 안에 있는 부분 먼저 나눴어?"
7	"응! 중학교 때는 설화 오빠들 사생이었고,	 고등학교 땐 동방명주 오빠들.  대학생 땐 전남친들 따라 다니느라 사생할 시간이 없어서.."
1	그게 벌써… 한 오십 년 전이지?
5	와 진짜 얼마 안됐구나. 너무 축하해. 나는 아직 결혼 못했어. 그냥 일 하면서 지내고 있어.
0	어쩔꺼야!
5	내가? 야 내가 그래 뭐. 미남은 아니지만. 그래도 키는 크잖아.
7	공포 영화예요.
7	"몰라요. 저도 그런 거 같은데..	 저도 걔 좋아하니까, 했어요."
3	내가 무슨 욕을 했어.
0	마음 같아서는 싹 버리고 싶다니까.
3	에이 뭘 말려. 다 지들 하고 싶은대로 사는거지.
7	아빠한테 전화해봐. 언제쯤 오시나.
1	무슨 말이야 그게?
0	"안 취해?  아주 술독에 빠져서 왔더만.	 어떻게 두발로 멀쩡히 들어왔는지가 의문이라고."
7	응. 내가 해결할 수 있어. 걱정하지마.
4	그렇겠지.. 중학생만 되도 틱틱대고 그럴거야.
3	"알았어~ 할머니도 알고 있어요~?	 매일같이 눈칫밥 줘서, 할머니도 알고 있어요~"
5	어, 저희는 제육볶음을 했던 적이 없는데.
4	엄마는 모르지. 엄마는 게임을 안하는데.
0	40초면 40초지, 39초는 뭐야.
1	한 번 봐봐.
6	꼭 끌어안고 부벼대고 그래야 하냐.
0	뭐요? 이거 진짜 사람을 뭘로 보고… 야! 너 진짜 장사 그만하고 싶어!?
4	이제 진짜로 안할게요. 약속하겠습니다. 한번 만 믿어주세요.
7	야! 나가자. 너 장학금 받은 기념으로 삼촌이 소고기 사줄게.
3	안찍었다고요! 놓으세요!
3	 3년째? 야. 삼촌은 6년 사귄 여자도 있었어. 쪼끄만 게 결혼은 무슨.
5	그 전형 아니면 우리 애가 너무 힘들어요.
3	강매 당한거네?
6	 알았다고.
3	아휴 할머니. 제가 나이가 몇인데 벌써 결혼이에요.
4	그렇게 말해주니까 고맙다 정말.
3	나 전에 남대문 시장 골목에서 해결사 찌라시 본거 있는데. 거기 한번 가볼까봐.
0	아빠! 아빠, 언니한테 가방 사줬어?
0	보니까 한두 번 해본 솜씨가 아닌 것 같던데 몇 번째야?
5	아, 버스타고 다니시고…. 버스는 불편함 없으시죠?
4	당연하죠. 잘 오셨어요.. 제가 그러라고 있는 사람인걸요..
1	안돼! 오늘 빠진 것 까지 해서 내일 백 육십 장 그려와! 너 계약서대로 안하면, 니가 나한테 매일 만 원씩 줘야 해!
2	좋은 점은, 이제 상대방을 아주 잘 안다는 것?
5	예. 그 날 새벽 네 시에 깨셨대요.
5	뭐? 아, 배불러 죽겠는데 갑자기 무슨 외식이야.
0	저 그럼 자리 비켜 주시겠어요?
5	그래서 장례식 갔다 오는구나?
2	나는 낳고 싶어.
7	나 원래 멋있어. 몰랐냐?
7	 네...
4	선생님이 뭘 모르셔서 그렇지~ 2012년식이면 진짜 현역이에요 현역!
4	그래. 기억 하는게 중요한 거지 뭘.
4	그럼 너무 슬플 것 같은데...        아저씨는 슬퍼서 어떻게 했어요?
5	 이렇게 사적인 질문 훅 들어오기 있어?   왜. 전세면 우리집 사려고?
6	열 여덟인데 어쩌시려구요.
4	교실에 디지털 설비 갖추는 부분까지는 부족하네요.
0	그래 내려봐. 이 자식아!
5	니가? 나 그런 말 못 들었는데… 웬 성경캠프야 니가?
3	사장님 사촌동생 김이사. 라인을 잘 탄거지.
7	식사도 잘 하시고요?
0	그걸 몰라서 묻겠냐? 장난치지 말고! 너, 브이로그 내가 다 봤다.
1	없는데.. 어른들은 여름에 공포영화를 본다며?
4	그래도 호박에 줄이라도 열심히 그어 보아야죠.
0	엄마가? 우와…. 진짜 배신감 든다.
3	죽일테면 죽여봐! 내가 싫다고 할 때는 웃으면서 괴롭히더니. 꼴좋다!
6	복권을 거실에 놓고 다니냐.
1	거짓말하는 거요.
2	이제부터라도 고급으로 해 드릴거에요.
0	 왜.
3	쪼그만게 무슨 농구야. 그런건 날라리나 하는거야.
6	그래? 민정이가 관리 잘 해주나 보네. 근데 그거 톱밥 같은거, 자주 안 갈아주면 엄청 냄새 나.
5	 아니요! 안돼요. 포포는 낯선 사람 보면 짖어요.
5	없어요?
1	그래서 괜찮아.
7	작년 봄이면 내가 주재원 나가 있을 시기였구나.  그래... 윤아 학교 다닐 때 참 예뻤지.
5	어머.. 나는 그런 줄 아예 몰랐지.
2	오빠네 어머님 아버님은 잘 지내시고?
2	그랬는데?
1	참 주방에 고양이 사료 있더라.
6	앞으로 잉어찜 질리게 먹게 될거다.
6	 짜증나.
0	니가 처음에 사과 한 마디만 했어도 이런 일은 없었잖아?
2	그래도 어떻게 안 될까? 너는 내 꺼 봤지? 혹시 뭐 기억이 남는 평가나 그런거 없었어?
2	 아휴. 고민이네. 어떡하나. 요즘에 영어는 다 하고 학교 가야 된다고 그래서. 우리 율희만 뒤처지는 거 아닌가 무섭네요.
5	무슨 말이야 그게. 이삼 년이나?
5	왜요? 왜 안 사랑한대요?
4	왜~ 사람이 사람 좋아한다는데~
0	기분탓이에요, 기분탓. 왜 아들말을 안믿고 그 사기꾼 놈 말을 믿어요?
3	냉동 만두는 차가운데 있다가 찜통에 들어가잖아? 한국인도 똑같다는 거지.  에어컨 바람 쐬다가 찜통 더위에 속수무책으로 노출되니까…
2	우리 집이 유난히 몸에 열이 많잖아. 음식도 어릴 때부터 얼마나 가려 먹었다고. 뭐 잘 못 먹기라도 하면 얼굴에 빨간게 올라올 정도였어. 우리 아버지가 그러셨대.
1	오… 그렇구나. 얼른 한파가 왔음 좋겠어.
4	한자... 배우긴 했는데 잘 몰라. 아직은 아주 조금밖에 안 배우기도 했고 까먹어서.
2	나도 같이 갔었어. 그 사람들 우주선에.
1	너 알바하는데 가면 되지! 니가 알바하는데 찾아오지 말라고 해서, 한번도 못 가봤는데.
0	몇 분 더 자는 게 뭐가 중요해요~
4	한 과목 더 쳤으면 엉덩이랑 의자랑 들러붙을 뻔. 진짜 체력 싸움이네 이거.
1	그러게 너무 고통스럽다...
7	아닙니다. 이왕 전공 살려서 그 쪽에서 일하게 된다면 좋을 것 같습니다.
6	"아무리 혼나는 게 무서워도 그렇지, 	다른 애들 다 실내화 신고 다니는데, 	너만 맨발로 다니면 어떡해?"
6	"그래! 돈 번다고 티 좀 내봤다! 	 왜! 그러면 안되냐?"
2	그래 오빠. 너네 오빠가 이성빈 선배야?
5	 그 쪽도?
4	네. 선생님도 그렇고. 대학을 서울로 오게 되면서 같이 상경한 절친한 친구가 있었는데요. 그 친구가 젊은 나이에 사고를 당해서…
1	그럼 좋은거야?
6	그랬었어. 지우도 한 2살 때까지는 지 엄마랑 똑같이 생겼었잖아.
2	네? 엄마가요? 대체 누구랑요?
7	어느새 이렇게 다 컸냐, 우리 딸.
6	"가자 가.	 가서 얼른 잡아버려야지, 시끄러워 살 수가 없다.	 "
0	왜 그랬어. 지은이 때리면 안 된다고 했어 안 했어?
5	천만원? 나 대출 이자 갚아야 해서 천만원까지는 힘들 것 같은데.
6	이상하네요… 분명히 봤는데.
5	아 진짜? 언제?
3	"어? 졸업할 때까지 있으려구? 아직 이년이나 더 남은 거 아니야?	 얘야, 염치가 있어야지. 이만큼 키워줬으면 됐지. 언제까지 아빠 돈 빼먹고 살거니."
1	아니 경비아저씨가 경비실에 갈 때마다 안 계시네?
6	아니죠. 그러면 리딩 위주로 커리큘럼을 다시 짤까요?
6	오빠랑 난, 디저트 취향이 너무 안 맞아.
1	여기 와이파이가 좀 이상해서 그래요.
4	내가 미안해.
4	너무 걱정하지는 말자. 알아서들 들어오시겠지.
6	아 왜. 나 못 믿어?
6	그런가? 그래서 카페가 많아졌구만. 하여튼 서울 진짜 빨리 변해. 따라가지를 못 하겠어.
5	집에서 보면 되잖아. 나 금방 끝나는데?  근데, 엄마 오늘 엄청 예쁘게 입었네? 화장도 했어?
4	내가 배가 나올 줄은 진짜 상상도 못했다.
2	죄송합니다.. 제 선에서 처리하겠습니다.
4	그것도 다 그 사람 복이지 어쩌겠냐.
2	 그…그럼 어떻게 해야 하나요?
3	뭘 알아보고 있는데?
0	연수는 내 가족 아니야?
0	퇴근해서 내가 노냐? 맨날 대본 쓰고, 수정하고, 재확인하고. 얼마나 바쁜 줄 알아?
4	응.. 그래서 애들 오분 십분 지나니까 막 울고 그랬어
2	 그래서?
2	아… 이상하다. 진짜 그럴 리가 없는데.
7	그래. 그럼 켜고 끄는거랑 동영상 보는 법 가르쳐줘.
1	나는 옛날에 수업 듣는거 진짜 좋아했는데..
1	난 확실히 안 들어왔어. 확인 다 해봤어.
5	뭐야, 이렇게 한창 땐데, 아직 남자친구가 없어? 일을 너무 많이 하는 거 아니야?
6	우리집 돈 없어?
4	 너한테 말 못하는 엄마 아빠 나름의 사정도 있어.  어쨌든 이사 가기로 결정됐고,  그렇게 알고 너는 신경쓰지 말고 공부에 집중해.  엄마가 학교랑 학원이랑 알아볼게.
5	응? 왜 갑자기 돈을 번다고 그래. 돈 필요한 일이 있어?
5	돈이 있냐?
1	요점? 뭐가 요점인데 그럼?
0	그래. 탤런트 한 사람이 자기 살던 아파트에서 그런 경우가 있었다잖아.
7	숙제.
2	선생님… 저 방 옮기면 안될까요?
4	귀엽네. 요즘 TV에 나오는... 그 뭐야, 케빈?  걔네보다 훨씬 귀엽네, 유정이 아들이.
5	그랬구나. 아무리 게임에 져도, 친구 머리를 때리면 안 되지.
2	너 입양했잖아.
3	이거 보세요... 이게 제가 학교가 싫은 이유 중 하나에요.
1	흠…그럼 어떡하지?
3	너 살 뺀다더니 순 거짓말이구나.
1	왜 다행이야?
1	응... 5반 애들이랑 축구 하기로 약속했거든.
6	시간이 지나면 괜찮아져요?
5	너 저번에도 샀잖아.
5	오빠. 오빠네 학교도 수강신청 빡세?
6	"잘했어. 앞으로도 누가 이상한 소리 하면 	가서 그냥 냅다 패버려. 뒷 걱정은 하지 말고. 	할머니가 처리할게."
7	응. 완전 귀엽지 않아?
5	네?
6	그거 저 아닌데요?
3	잘려야 되는거 아니야? 미성년자한테 미쳤나.
1	약이야 약.
6	청장님 지시사항이다. 유흥업소 일제단속 할거야. 언론들도 많이 붙을 것 같으니까 정신 바짝 차리고.
4	"이럴 때는 어떻게 해야돼요? 	사범님은 계속 태권도가 하고 싶었어요?"
7	알았어. 사줄게.
0	그 아줌마 웃기다. 왜 숙자 아줌마인 척해?
4	그럼 누나한테 많이 물어봐.
4	나는 가정을 꾸리고 싶기는 하단 말이야. 애도 갖고 싶고.        안정적으로 살고 싶어.
5	그래.. 좋겠다.
6	그래. 누구 하나 큰 병 안 걸리고. 그거면 됐지.
3	어지러워?
7	아니야~ 왜 지영씨한테 내가 부담을 주겠어.근데… 내 생일 알지?
4	네, 죄송해요.. 선생님.
7	난 어느 방향으로든  좋아!
4	왜 이렇게 우울해?
1	케잌이랑 빵 엄청 좋아해요. 빙수도 좋아하고. 단 음료도 좋고. 마카롱도 좋고. 
3	왜 그래. 너는 안 해본 것처럼.
2	그럼 계좌 이체 할래? 계좌 번호 알려줄까?
5	밥은 어떻게 먹었대?
5	"뭔 소리야 그건 또. 생기면 생긴 거고, 아니면 아닌 거지.	 그렇고 또 아닌 건, 무슨 뜻이야 대체?"
0	뭐…? 너 니네 엄마가 그렇게 키웠니?
0	 야!   아직 안 갔다왔어. 노총각이야.
2	예전에 어른들이 깜빡 깜빡 하면 왜 저럴까 싶은 생각도 있었는데.. 이젠 내가 그렇게 된 것 같아서 무서울 때도 있어..
3	 내가 벗을 순 없잖아?
0	아니, 야. 우리 정도면 이미 많이 올라온거지. 어? 그 아저씨들 사이에서 우리가 이렇게 꿋꿋하게 버텨서 동기가 너랑 나랑 요로케 딱, 둘이만 남았는데. 우리 고생 많이 했다 야. 건배 건배 
6	암튼, 우리 누나 감당할려면 형이 좀 힘들거에요.
4	어제 아빠가 생각을 좀 해봤는데.
5	어? 오빠 휴대폰 제 거랑 같은 거네요.
1	형… 버섯이 어떻게 새끼치는지 알아?
7	여름이라 시원한게 땡기나보다.
2	어… 뭐가요…?
4	나 핸드폰 바꿔주면 안돼?
6	어쭈, 이제 독립해서 나갔다고, 엄마 잔소리도 듣기 싫어?
4	그렇지.. 이 차에 이 엔진이면… 가끔씩 뻥뻥 달려줘야 하는데.. 흡기도.. 안 좋은거 같고..
3	어휴. 이제 재인이가 혼자도 아니고, 우리 도준이 빨래 하고,        요리도 하고 그러려면…. 그 정도는 할 수 있겠지요?
2	8시간이요.
0	네, 그랬더니 고객 전화를 끊으면 어떡하냐면서, 시말서를 쓰라고요. 나 참.. 누군 그러고 싶어서 그러나요?
1	나처럼 주는 데로 잘 먹는 사람도 없어.
2	" 아.. 그래요?	 그럼...저희도 들어갈까요?"
4	선생님은 맨날 농사 짓지 말라고 그래. 그러니까 여기 오기가 싫어요.
2	"아마.. 내일쯤...	 내일 오전 중으로 데스크에 올려두겠습니다...!"
5	응. 엄마가 거기서 주는 미역국 엄청 좋아했잖아.
4	그럼 괜찮은 수목장, 서울 근교에 있는 지 한 번 알아볼게.
0	중국이 뭐 해외야 코앞이지.
3	야. 동아리 단톡방에 한번 물어볼래?
5	그래라. 우현아!
1	...무슨 차이지?
5	라면 끓여먹게?
4	하나만.
1	손뼉도 마주쳐야 소리 난다고, 엄마도 비꼬는 거 장난 아니잖아. 내가 보기엔, 엄마가 더했지, 덜하진 않았을 거 같아.
1	사실 그 분이, 사장님 동생이래.
2	아… 그럼… 알았어요. 대신, 드론 꼭 사주셔야 해요.
4	그래도… 마주치면 둘 다 곤란하잖아. 여태까지 잘 피해다니다가 마주치면 너무 머쓱할 것 같아.
5	형이 빨리 한거고. 형처럼 빨리 결혼하는 사람이 어딨냐?
3	안돼. 경차는.
5	결혼 안 하는 거에 대해서?
6	그래도 될라나? 그건 좀 추하지 않을까? 뭔가 아침 막장드라마 같잖아.
2	저거 어떤거요? 담배 드릴까요?
4	벌써 그런 걸 정해야 돼?
1	네. 신고는 아무도 안 한 것 같길래 제가 경찰이랑 119에 신고한 거예요. 119에 먼저 하고 경찰에 나중에 하고…
2	사 년이나 지났는데 아직도?
7	 받어 받어. 공부 열심히 하고.
0	잠깐만 잠깐만. 나 지금 너가 무슨 소리 하는지 못 따라 가겠어.
5	엄마 몰래 주신다고요?
7	원호 선배님도 인기 많은데, 솔직히 형이 더 인기 많아요.
5	그렇죠? 이거 제 옷에서 나왔거든요. 그저께 먹은 갈비 냄새 아직도 난다구요. 아저씨. 세탁 안 하셨지요?
7	"	아니. 너랑 노는 게 더 재밌어."
1	당신 젊을 때부터 운동 하는 거 되게 좋아했잖아. 달리기도 좋아하고.
4	지혜 같이 똑똑한 학생들은 기회만 잘 따라준다면 참 큰 일을 할 재목인데, 양평엔 좀처럼 그런 기회가 없으니까.
7	그치. 그렇겠지. 아무튼 고마워요 젊은 양반이 아주 똑부러지네.
5	갸가 아직 70대여?
5	어디서?
6	게장이요.
1	아 잠시만요.
3	그래. 교수한테 이런 식으로 접대하면 안돼.
2	 뭐라는 겁니까 지금…! 얼른 회개하고 잘못을 고하세요!
3	뭘 그렇게 실실 쪼개고 있냐?
1	담배가 참 요물이야. 끊는다, 끊는다 하면서도 계속 피우게 되니까.
1	아… 나 오늘까지 내야 되는 숙제 있는데… 지금 빨리 해야 되는데...
5	 주사….?
6	치. 맨날 못생겼다 그러면서.
1	아저씨! 이번에 은하수 15가 공짜에요!
2	친구들이 너무 바빴던 게 아닐까..?
5	 언니, 요즘 우리 아파트 집값 어떻게 돼요?
2	가만히 있어.. 신고도 하지 말고… 내가 다 알아서 처리할 테니까.
5	왜?
1	고생했네 아들. 자외선 차단제는 잘 발랐지?
6	형이야 민정이 명문대 보내놨으니까 속 편하게 말하는거지. 세빈이는 민정이랑 또 달라요. 민정이처럼 알아서 척척하면 걱정도 안하지.
3	하… 아빠는 제가 이렇게까지 왜 연이 날리고 싶은지 설명했는데… 그래도 안 들어주시는 거에요? 귀찮은 건 다 엄마한테 가라고만 하고…
4	에이 됐어. 왜 그런 말을 해. 아빠, 오늘 일찍 정리하고 같이 퇴근하자.
7	그랬구나… 나는 영화 보는 내내 주인공에 너무 몰입되서… 내 처지가 꼭 봉철이 같아서…
5	 뭐??? 니가 무슨 애야. 너 결혼도 안했잖아.
5	네? 네.
1	우리 정도면 아직 쌩쌩한 나이잖아.
5	나? 나야 뭐 밭 매고 고추 같은 거 따와가 손질하고 그라제.
3	응. 진짜 남자들 사이에서 최고로 치는 놈이야.
7	할아버지 오늘은 몸 좀 어떠세요.
5	남친으로 생각하지 뭘.
4	저런... 속상하시겠네요.
4	지형이가… 요즘 학교에 가기 싫다고 하더라구요..
4	아니요.
2	창문은 열어 놓고 나왔어?
3	똑 같은 놈이구만.
5	그렇지.  어…어! 또 쳤다.
1	고마우면… 너 카페 내면 나는 전부 공짜인거다?
7	그건 그렇긴 하지. 너희 엄마가 좀 더 섬세하게 생겼다고 해야 하나. 암튼. 너희 아버지는 좀 남자답게 생기셨잖아.
2	"근데 추석 때는, 상에다가 과일도 놓고, 돼지고기도 놓잖아요. 	왜 그러는거에요?"
2	그걸 왜 지금 말씀하세요?
1	 어. 한번 보내봐봐.
4	7월 중순인가봐요.
2	정말 죄송합니다. 죄송합니다...
4	그래! 삐졌다.
6	엄마 그걸 위로라고 하는거야?
5	근데 왜 피자는 안돼?
3	너 할아버지 대할 때 항상 그런 마음이었냐? 병원 자주 찾아 뵌 것도, 할아버지 아파트 노리고?
6	아줌마 안 귀찮은데~ 예리 저녁은 먹었니?
6	 얼어 죽겠다.
2	할머니, 근데 왜 고깃집에서 일하는 형들은 다 잘생겼어?
5	살? 별로 달라 지지도 않았는데.
3	 왜 누나냐.
2	그래서 내가 그 친구한테 좀 투자를 하는게 어떨까 싶어서.
2	그러게. 뭐 먹지. 할머니 뭐 먹고 싶은 거 없어?
5	뭐야. 너 내 노트북 들고 다녔었어?
6	"엄마도 안 보여주고 싶은데, 엄마가 보면서 그럴 순 없으니까 보여주는 거야.	 TV보는 엄마 만나서 운 좋은 줄 알아."
7	그럼 뭐 다른거 먹고 싶은 거 있어? 오랜만에 짜장면 시켜 먹을까?
7	아니야. 혼자 준비하는데, 정신 없는게 당연하지. 야… 근데 이거 마이크 그럼 괜히 샀다. 그지?
1	네. 저 그것만 해요.
0	이르기만 해, 진짜로 가만 안 둘 테니까.
3	그래. 엄마가 갖다 버렸다. 왜.
1	나 카메라를 하나를 사려고 하는데.. 추천 좀 해줄래?
7	어? 너 그 성빈이 동생 아니야?
7	 그 정도야?
7	그래. 곧 연락줄테니까 기다리고 있어요.
6	"그건 잘못된 생각이야. 	 사람이, 일한만큼 받을 생각을 해야 되는 거야."
0	"뭐야! 나도 책가방 새거 필요한데! 	 왜 언니만 사줘!"
6	무슨 차에요. 저 운전 면허도 없어요 할아버지.
6	"내가 이미 얘기는 해봤지. 	근데 그 할머니가 워낙에 고집이 세야지. 	약속 안 지키는 사람한테 집 못 내준다네."
2	무안하게 하려던건 아닌데… 죄송합니다.
1	그게 진짜 슬럼프인지 아니면 그냥 성적이 떨어져서 하는 소리인건지.. 그걸 잘 구분을 해야 돼.
6	아니, 위아래로 훑더니 피부과 안 다니세요? 이러는 거야.
1	빠빨간 음, 궁굼해 험, 음, 예예예
0	…... 그야…. 안 갔지.
4	 아...
2	그렇구나… 아빠가 정 회사가 싫으면 어쩔 수 없지. 그만 둬야지 머!
0	니가 봤어? 내가 공부 안하는 거 봤어?  짜증나게 갑자기 왜 잔소리야. 니가 엄마야?
6	생각만 해도 싫다.
3	적반하장도 유분수지… 이런 식으로 나오니까 그 동안 그 모양이였죠!
0	장사를 접으라구요…? 진짜 보자 보자 하니까!
2	무슨 얘긴데요… 갑자기 왜.. 또.. 분위기를 잡고 그래요?
7	그래? 잘 됐다.
2	왜 그래. 같이 있는 사람도 불안해지잖아.
6	덥다 더워.
3	닥치세요.
3	핸드폰 많이 하면 머리 나빠진다고... 너가 알려준거잖아.
3	 어우 미쳤나봐. 너 순정만화 너무 봐서 뇌가 절은 것 같어. 닭살 돋아 어떻게 해.
7	"됐어요. 나보다 우리집 지름길을 더 잘 알아. 	 완전 무서워."
4	….
3	그거야 성장기 때 얘기지.
5	우와 궁금하다. 아빠도 보여줘.
3	몇살이라고 했죠?
4	가족끼리 비밀은 없어야 한다며.. 나는 가족도 아니야?
5	왜 무슨 일인데?
7	저 최진수잖아요. 요양사요.
6	왜 찍는데요?
7	네 잘 지내고 있어요. 숙모랑 지현이 형은 잘 지내세요?
6	내가 뭐?
1	응. 핏속의 설탕 같은 거야.
0	눈이 안뵈어.
7	그것도 무섭다면요?
5	왜?
4	맞아. 시간이 지나야 알 수 있는 것들이 있어.
0	미쳤냐? 절대 안돼.
0	아아 이게 왜 중요한데. 빨리 물 좀 까 달라고.
2	에휴...
1	흠... 엄마한테 한번 물어볼게.
2	그렇죠.. 지형이도 덜컥 겁을 먹고 학교에 안 나가겠다고 해버리면… 그게 강경해지면 학부모님도.. 저도.. 힘들어지니까요..
7	 구 만원. 네. 맞네요. 그럼 잘 보살펴 주세요.
5	왜. 아빠는 왕이 되기 싫어?
2	아 그때는 그때고, 이건...진짜 중요한 일이란 말이야. 그런 거 묻지 말고 돈 좀만 빌려줘.
0	너 내가 내 방에 함부로 들어가지 말랬지!
2	아… 진짜 누나 내가…
2	지금 말한거 알면 엄마나 아빠가 엄청 화낼거 같아서… 둘 다 회사 가야하는데… 지금 말하면 화내지 않을까?
3	아.. 진짜 꼰대들 짜증나네...
6	단어도 다 외웠고?
4	잘 지내.
2	 …응.
6	요런 소재가 좋은 것 같아.
1	 보냈어. 봤어?
7	뭐 고기나 구워야지. 아니면 오랜만에 회 한사라 할래? 너 날로 먹는 거 좋아하잖아.
0	너 근데, 적금은 들고 있니?
3	"뭐 그런거죠. 	그 쪽은 나이가 결혼할 나이가 됐으니까."
5	에이, 뉴스에 나와서 그렇게 보이는 거지. 살벌할 정도까지는 아니야.
5	어제 회식 갔는데, 애들이 날 피하더라.
0	가만 안둬..? 가만 안 두면 니가 어쩔 건데? 어? 얘가 아주 몇 년새에 더 싸가지가 없어졌네..?
4	미안해.. 그 땐 몰랐어. 너가 그렇게 힘든지….
5	계속 연극하고 있는 친구들이랑 이번에 같이, 연극을 올리려고 하는데.
4	한 번만 더 여쭤봤으면, 엄마가 사주셨을텐데.         세리야. 도둑질은 정말정말 나쁜거야. 알지?
4	지금 자기가 유용할 돈이 없는데, 뭐 사고 싶은게 있나봐.
7	친구가 갑자기 떡볶이 먹재서.
7	아니. 그러니까 시험 끝난 날 부터 성적표 나오는 날까지가 제일 좋은거야
2	내 심장이 멈추면, 너가 뭐 할 수 있겠니?       그냥 내려가있어.
5	뽀뽀? 아니면 키스?
4	몰라... 끝까지 숨겨야 돼...
3	예? 간호사한테 들으셨어요? 여태 아저씨 보셨잖아요. 이제 상태가 좋아지시기는 아무래도 힘들어요.
5	왜애. 시금치같다며~ 엄마 시금치처럼 입고 가도 돼?
2	그거.. 등록 마감이 언제였지?
4	돈 모아 놓은 건 좀 있는데, 연금이 있는 것도 아니고…
2	네 알겠습니다.
1	버는 돈이.. 뭐 우리는 상상할 수도 없는 정도인가봐.
5	승진은 했고?
2	아 그럼 우리집도 쓰면 안돼요? 우리 아파트도 언제 녹물이 나올지 모르는 거잖아요.
1	그래? 뭐.. 담배 정도야 피우는 애들 많으니까.
7	난 형이 생겨서 좋은데.
6	뭔가?
7	아 청도. 칭다오?
3	진짜라니까? 내가 다음에, 우리집에 있는 UFO 관련 책들 다 보여줄게.       거기 보면, 2030년에 거대한 UFO가 지구에 찾아올거래.
1	응, 자네도 알지. 얼마 전에 새로 생겼는데, 지나갈 때마다 냄새가 죽여줘.
7	응 감자가 맛있어서 맛있대!
7	할머니 그 백화점 문화센터 엄청 열심히 다니네? 재밌어?
7	요즘 아주 그냥 덥지요?
5	집에 무슨 일 있으세요?
7	잘 지냈지. 너는 임마 잘 지냈냐?
3	아 몰라 진짜. 나 그런거 진짜 싫어한단 말이야. 어떻게 해야 돼 여보.
6	네. 머릿속에서 뭔가를 끌어내야 하는데, 끌어낼 게 더 이상 없을 때 슬럼프가 오더라구요.          그래서, 그냥 뭐든지 닥치는대로 머릿속에 집어넣는거죠. 영화도 보고, 만화도 보고. 중요한 건, 책처럼 무거운 건 보지 않는거에요.         그게 스스로에게 부담을 주기도 하거든요.
4	" 그것 말고도 돈도 엄청 들거고...	 어디로 가고 싶은데?"
2	그래 봤자 철탑이지.
5	민환씨? 괜찮은 거야?
7	 감사합니다.
4	 …..그냥. 좋잖아. 다른 세상이 있다는게.
7	어머 착하다.
7	네 저도 두 수업 다 좋을 거라고 생각해서, 수업 듣는 걸 기대하고 있어요.
7	오빠 나도 같이 가면 안돼?
0	아니야! 흉본거 아니야!
7	그래? 태웅이 귀엽지.
7	"아니. 그래서 고민 중이야.	 준호오빠가 좋아졌으니까, 남친이랑 헤어져야 되지 않을까?"
0	내가 좀 뭐?!
0	뭐 길게 보는 거 아니고. 그냥 저녁이나 같이 먹는거야. 우리 아들 여자친군데 엄마가 얼굴이라도 봐야지.
3	로봇 청소기가 못 하는건 이렇게 먼지털이로 털어 줘야지.
5	이상하다.. 분명히 여기다가 뒀는데
5	형님 말인 즉슨, 용기를 내어, 힘을 주어, 샴푸를 빡빡 했더니 머리가 나더라?
0	아줌마 문맹이야?
2	아빠가 운전 하셔? 너무 힘들겠다.
5	왜 머리가 콕콕 쑤셔요?
0	변했어...어떻게 사랑이 변하니!
7	너... 나중에 꼭 좋은 어른되야돼.
4	이제 육주래.
4	모르겠어요.
4	아이, 맞네. 눈 안 보이는 거 맞지?       아유, 이렇게 어떻게 살어. 내가 도와줄게.
3	아니, 병문안을 빈손으로 왔더라고.
4	아니. 걔가 먼저 나를 피하더라구. 나도 같이 왕따 될 수도 있다고.
3	아...너...
5	내가 언제 그렇댔어?!
2	돼지양념갈비 주문하신 테이블 맞죠.
5	원래 인생이 그런거야.
4	고백? 뭔데?
1	인제서야?
6	"아니, 다른 자매들은 계절마다 해외여행 간다고 난리더만.	 우리 형제들은 어찌 그런 얘기가 하나 없어?"
1	아니 너네 엄마는 어릴 때 맨날 달리기 꼴찌 했거든. 아빠가 엄마랑 한동네에서 쭉 자랐잖냐.
5	"어르신, 이 제품이 원래는요. 대현가 정호영 회장, 삼진가 이관희 회장 등등 	 재벌가에서만 쉬쉬 하면서 거래되던 그런 제품이에요. 세상이 이제 좋아져서	 모든 어르신들이 드실 수 있게 된거니까 어르신 운 좋으신거에요."
5	정확히 뭐라고 말했는데?
6	"엄마도 그러고 싶은데,  전화를 안 받네?	 아빠는 별로 오래 살고 싶지 않은가봐."
0	아이 참. 드리면 좀 좋게 받아요.
2	응. 살릴 [구] 목숨 [명] 해서 구명이야. 할아버지 목숨을 구해주는 거지.
1	뭐가 신기하다는 거야. 중얼중얼 거리면서.
0	이런 사람이 걸렸다니, 그게 무슨 소리에요? 사람 봐가면서 차 들이받아요?
3	근데 워낙 떠들썩하게 준비해서 모르는 척하기도 쉽지 않네요.
1	 이벤트. 일어난 사건… 선발대회. 잠입수사.
5	너무 신기하다. 아영이 사인 받아놔야겠네.
4	아니 오늘 재활 치료하는데 엄마가 울더라  니 엄마가 우는 거 보니까 이게 간병도 못 할 짓이다 싶어
3	너처럼 꼬맹이가 피곤하긴 뭐가 그렇게 피곤해?
4	알지… 그렇지만 규정에 어긋나는데. 어떡하지…
5	뭐? 너 교회를 그렇게 열심히 다녔었어?
0	아.. 이거 미치겠다. 엄청 신경쓰이네 이거….
5	갑자기 웬 로보트 놀이야?
5	왜?
1	교양머리 없이 무슨 소리하는 거야. 농담이라도 그런 말 말아라!
4	그치. 그냥 사람이 사람이랑 마음이 서로 통한다는 거 자체가 너무 신기하고, 비현실적이고, 그래.
3	" 아이씨, 그래서 하고 싶은 말이 뭐야!	  아까부터 이 놈이 왜 자꾸 초를 쳐!"
4	그래? 어떡하니… ㅡ그거 사실 엄마가 그런거야.
3	꾀부리지 말고 얼른 학원 가. 아빠 괜찮으니까.
5	근데 희진이는 왜?
2	그.. 철수 얘기 있잖아. 철수 취직 얘기…
7	야. 4등 당첨금 5만원이야 임마. 어디다 쓰고 말게 뭐 있어.
5	왜 싫어.
1	응
7	어, 얼굴이 훤칠해졌네. 회사는 다닐만 하고?
1	글쎄. 딱히 할머니는 입맛이 없으니까 너 먹고싶은걸로 시켜.
2	그러면.
4	안돼. 무리야.
4	저는 아니에요.
1	조금만 참아~ 비 그치면 놀면 되지.
4	하다 보면 늘어. 기운내.
2	혼 안내고?
4	네. 어머, 혹시.. 친동생이 아닌가?
2	수연아. 나 오늘 하루만 자고 가도 돼?
7	야 그거 얼마나 하냐?
6	그렇구나. 저도 별로 좋아하진 않아요.
0	안녕.
1	잘 어울리는거 아니고.. 잘 어울리는 거 같아?
3	따님이랑... 손주요!
1	네… 저희 집은 외식을 잘 안해서.
2	응. 그리고 침대 같은 수면기구들이 일반화되지 않은 원시부족들을 관찰한 결과, 거의 모든 사람들이 모로 누워 잔대.
1	바깥 기온에 덥던, 춥던 우리 몸은 체온을 일정하게 유지하려고 한다. 이 뜻이야.
3	그냥 무조건 환불해 놓으라고 으름장 놓으라니까! 그렇게 안했어?
2	임마! 진짜 시체 말이야.
5	 그러면 좋은 거 아니에요?
7	시골집 가기로 했잖아.
0	하… 내가 이 나이 먹고 여행도 내 맘대로 못 가..? 엄마 나 진짜 너무 답답하다…
3	음… 내가 이렇게 너를 못 믿을 정도면… 그동안 니가 인생을 잘못 살아왔다고 생각하는 게 맞는 거 같다.
6	응.
7	나랑은 말 많이 하는데?
1	나는 좀 배고픈데? 너 점심 언제 먹었는데?
7	그래. 필요하면 선생님한테 글 쓴 거 가지고 와.
0	너 반 애들이 다 증언했는데 자꾸 발뺌할래?
2	아버님은 떡 드시기 좀 그렇지 않나?
6	"아빠가 불편하더라도, 규칙은 지켜야 	 서로 행복하게 살 수 있다고 그랬어요!"
1	등록 끝나면 알려주세요. 내부 결재 방법 교육해야 하니까요.
0	할아버지가 친구들 있는데서 찡찡거리지 말라고 했어, 안했어?
7	 여기 있네요. 설정 들어가서 텍스트 사이즈를 바꿔주면.  크기 어떠세요? 보이세요?
0	네. 그것만도 다행인줄 아세요.
1	응. 조물주 다음이 건물주랬어.
1	잠깐만. 걔 카톡에 같이 찍은 거 있어.
1	뭐라고 얘기해?
4	오일이 좀 새네...
2	자도 자도 자꾸 잠이 오고... 자리에서 일어나기가 넘 힘들어요.
0	왜 그래? 나 잘 나가.
2	알았어. 오늘 집에 가서… 보고 맞춰볼게.        나쁜 얘기 한 거 아니지?
1	이게 3개월을 정상 납기했을 경우에 한 해, 우대금리를 적용해주는 거거든.
7	"저녁… 음… 어제 먹다 남은 찌개 있어. 	그거 데워서 먹어도 되고, 아니면 	치킨 시켜 먹을까? 오랜만에 먹고싶다."
3	나는 지금 신발 완전 신고 있어서 냄새 안 나. 너 약간 발 빼고 있어서 냄새나는 듯.
5	뭐야… 지금 알았네. 나는 평생 엄마가 그 집 미역국 좋아하는 줄 알았어.
3	기억력이 그것밖에 안 된다고? 어휴.
1	네.
7	장하네.
2	 나도 너 좋아한다고.
3	결론부터 말하자면 사실이야.
4	선배쪽으로 이렇게 고개를 돌리면요.  검은 점이 자꾸 보여요.
3	니네 아빠 닮아서 못났지. 공부 좀 해라
7	너가 삼촌이 얼마나 인기 많은지 모르는구나?
5	그래 신중하게 고민해야지.
1	네. 자동차 게임 하는 것처럼 재밌어 보였어요!
1	그럴 거 같아. 아빠가 코코아 마시는 거 못봤어.
2	저기… 벌써 일 주일이 지났는데.
0	됐어. 엄마만 그러지.
3	끝물이면서 무슨.
3	삼촌 결혼 안해요?
7	네. 저 그럼 사진 몇 장 찍어도 괜찮을까요?
6	남들이 바라는대로 살아야 더 많이 인정 받잖아
5	왜요? 무슨 일이에요?
1	나도 들고 싶어!
0	내가 뭘! 내가 뭘 잘못했다고 나한테 화를 내?
6	"그죠. 감독님 들어가셔서,  냉수 한 사발 크게 들이키고 주무셔야겠어요.	 내일 멀쩡히 출근하시려면! 그죠?"
5	응?
7	어머. 민규 너가? 고마워. 선생님은 그런 것도 모르고…. 미안해.
4	"쉬는 시간 같을 때, 자꾸만 구석진 곳으로 데려가서.  	영어 해보라고 그러고…"
5	내가 알아야 돼?
7	오빠. 오빠 피아노 칠 줄 알지?
1	우리 엄마 아빠한테 한 번 졸라 볼까?
2	니 마음을 돌릴 순 없는거지?
3	아….
2	죄송합니다.. 사장님.. 제가 요새 몸이 좀 안 좋아서 그런가봐요.
5	영화과?
6	아 그리고 택배 박스를 왜 가위로 여는데? 그러면 날 다 망가져.
7	이따가 엄마랑 아빠랑 오면 같이 밥 먹으러 나가자고 하시던데. 뭐 드시고 싶은 거 있으세요?
7	"네. 같은반 친구에요. 	 둘이 좋아 죽어요. 종일 붙어 있어요.	 얼굴 다치게 한 것도 서연이 그림 그려준다고 사인펜 뚜껑 열다가 그랬어요."
4	어… 평소엔 잘 못 먹으니까.
0	 아 왜 그걸 다 먹어. 내가 먹을라고 사놓은건데.
1	금액 보니까… 까다로운 분 없었나 본데?
0	한 달 용돈 10만원 받는데, 3-4만원짜리 케잌을 어떻게 사.
4	너무 푼돈 이야.
3	야, 나는 어릴 때 아버지 생신 한 달 전부터 뭘 해드려야되나 고민하고 그랬어. 근데 너는 일주일 전인데 아무 생각도 안 했단 말이야?
7	봤지.
3	어쩔 수 없다니..? 다 큰 성인들끼리 다 선택한거 아니에요?!
1	 이거 얼마야?
6	안돼. 아내가 의심할거야.
7	세상에… 그렇게까지 해줄거야? 고마워!
2	아니, 미친놈이 아니라 니가 상처받은 게 너무 많은 것 같아서. 치료를 받아야겠다고 말한 거였어.
4	성철아, 이리 와 앉아 봐.
2	"어! 내가 노랑색 도화지로 만들었는데	 열 장밖에 없어서.."
7	자 이제 눈 떠.
0	안 하면 더 좋겠지만… 일단. 알겠습니다.
3	그래서. 못 했다고?
2	그럼 무슨 일이세요?
6	그냥 있지 뭐하겠어
7	이번 주말 말고 다음 주 주말에 멀리 어디 갈까요? 일박 이일로?
7	안마 좀 해봐.
0	엄마는 제가 미워 죽겠어요? 왜 이렇게 못 잡아 먹어서 안달이세요?
0	아빠! 김지온 완전 또라이야.
1	저번달에.
7	사는 게 왜 힘들어. 나는 좋기만 하구만.
2	제가 무슨 노력을요?
0	근데 학생, 나이도 어린 것 같은데, 이런 일을 왜 해?
0	아 뭐야! 왜 갑자기 다리털 얘기가 나와!
6	애? 글쎄…. 그럼 시간이 좀 더 걸리겠네..
3	"그건 좀 문제가 있다. 	그 친구한테 나는 너 좋아하는 거 아니라고 얘기 했어?"
6	그러면 빚은 어떡할건데? 누가 갚아줄건데?
1	비싸다…
4	아니, 우리 형님이 병원에 입원하셨다고 하셔서.
0	내가 생일 더 빠른 데 제수씨지. 형수는 곧 만들어 줄게.
4	저희 가게는 이렇게 크지도 않고 알바생 한 명만 더 있으면 충분히 커버가 가능한데요
7	"우빈이 책을 많이 읽는구나.	 <그날의 범위>도 한번 읽어봐야겠다!"
1	아 진짜…? 무조건 안된다셔?
7	치. 야 1등은 너무 재미없어. 3등 쯤이 딱 좋아.
2	작은 것부터 줄여야되는데.. 그게 가능할지 모르겠네.
2	네 한 번 알아볼게요. 내용은 상관 없어요?
0	 말이라고 정말! 어리광 좀 그만 부리셔 제발!
4	그것도 모르고 가족들은 얼마나 속상했을까…
0	 오늘은 따로 보고 하지 말고 전부 내 책상 위에 그냥 올려놔
6	엄마. 엄마는 내가 결혼 했으면 좋겠어?
0	하긴 너 일처리 하는 거 보면, 굼벵이나 다름없지. 에효! 신이랑 올걸 잘못했다.
6	뭐???
6	소 귀에 경 읽기야.
1	그렇지. 스토리는. 잠입수사에서 겪는 주인공의 내면의 변화가 되는 거지.
7	어. 신기하지? 천생연분인거 같아.
4	결국 둘이 헤어지게 됐잖아… 아, 너무 잔인해!
6	당연하지. 지금 죽기엔 너무 아깝지.
3	자네는 김영란 법도 모르나?
4	아저씨… 제발… 제발… 한번만 용서해주세요. 네?
6	설마, 아빠 전에 바람 핀 것 때문에 그래?
0	우리 집에 오면 훈장이 몇 갠데 그걸 몰랐냐?
4	네 부탁드립니다. 마지막으로 한번만…  용서해 주십시요. 죄송합니다.
5	나? 나는 부모님이 애초에 크게 반대하시지를 않았어서.        그냥 나 하고 싶은 거, 하라고 하셨어.
6	야 몸 상하겠다.
0	안 돼. 연필 들 힘은 있잖아.
2	할아버지 회사 너무 무서워요.
4	아버지….
1	아니? 너가 준 거 아니야?
7	응 카스트라토.
3	너랑 현주… 지난번 아빠 생신에 선물이라고 가져온 쓰레빠. 그거 너네 너무한거 아니니?
0	그 쪽이 이사가든 우리가 이사가든 둘 중에 하나 합시다!
7	에이~ 괜찮아. 어차피 우리 회사는 내가 일 혼자 다 하기 때문에, 주말에 나와서 잠깐 더 하면 돼.
7	" 예뻐서. 	너 오늘 되게 예쁘다?"
1	참... 답답하다...
7	뭘 도와줘?
2	‘G코리아’도 그렇구요. ‘S유통’에서도 문제가 있네요…
7	뭐가 감사해.. 어른들이 더 잘해야지..
4	운동하면 되지.
2	저… 혹시 이 근처에서 고양이 한 마리 못 보셨어요? 까만색인데.
4	뭐… 제가 열심히 해야죠.
5	어머, 너 제대로 안 챙겨 먹는구나? 그거 꾸준히 관리 안 하면 큰일 나! 가볍게 볼 일이 아니라니까!
4	"아니에요. 그냥 그러고 싶다는 거지, 진짜로 실현 가능성이 있는지 	없는지도 모르는데요 뭘."
5	곧 고3이네. 헤어지지 말고 잘 사겨.
2	용돈이요...?
7	 암튼 오늘 아빠한테 맛있는 거 사달라고 해야지~
3	"그 나이 먹고도 그짓말이랑 참말을 구별을 못하나부지?	 김씨가, 사람 좋을라고 한 말이지, 그걸 또 고대로 믿네. 푼수떼기 할망구."
7	네. 오늘 저희는 두근두근! 푸드 파이트를 하기로 했습니다.
7	응. 꿀이랑 호두가 있는 건데.. 이 가게에서 이게 제일 맛있어.
2	하… 근데 사실 저희가 지금 권태기거든요?       여자친구도 따로 남자친구 있고, 저도 지금 썸 타는 사람도 있고.       아직은 둘 다 암묵적으로 모르는 척은 하고 있는데.        문제는, 그 마피아 두목이, 여자친구 전 남친들을 다 묻어버렸대요.        
6	지훈이가 친구들이랑 술 먹는다고 나보고 지금 나오라네.
6	그래. 공부 잘 하는 애들끼리 건전하게 잘 만나는 거 선생님은 솔직하게 말해서 별로 간섭하고 싶지는 않아. 근데, 요한아 너도 알지? 우리 학교 교칙?
0	그래서 엄마가 아까 나중에 밤에 배고프니까 많이 먹으라고 했잖아.
7	현수네 동생 보니까, 애기 너무 귀여워.       나도 애기 옷도 입혀주고 싶고, 맘마도 먹여주고 싶어.       그리고 애기가 잘 때 너무 귀여워. 사진도 찍고 싶어.
3	우리 학교랑 완전 딴판이네. 여긴 분위기 완전 헬인데.
5	막걸리도 있나?
1	그래. 그럼 유민이가 좋아하는 걸 주는 게 좋겠다. 그렇지? 뭘 주면 좋을까? 지은이 너 뭐 생각 나는 것 없니?
2	"저 이번에 영화 찍는데, 	그 반지가 필요해서요."
5	 기사님!
4	"지수밖에 없지....	 이 나이에 내가 또 누굴 만난다고..."
2	 ..제가 뭐….. 맞고 싶어서 맞았냐고요. 저도 애들한테 맞는 거 싫어요.
5	 누나, 누나.
2	응. 일단 그렇고, 근데 재준이가 갑자기… 예진이한테 자기 생일날 고백을 하겠다는 거야.
5	응. 경찰이나.
7	제가요?  고3 때보다도 더 컸다고요?       그게 가능한가요.
2	할머니 병원 가보셔야 되는 거 아니에요?
2	무슨 일 있어요?
3	야, 아이돌이 그럼 다 잘해야지. 요즘 같은 경쟁 시대에.
3	저도요... 이런 것만 잘 맞아서 문제 지만...
4	귀엽네. 요즘 TV에 나오는... 그 뭐야, 케빈?  걔네보다 훨씬 귀엽네, 유정이 아들이.
2	이번 추석에 해외여행 가기로 했잖아요.
5	 그래? 우리 요한이가 좋아하는 사람이 누굴까~
2	하... 나도 잘 모르겠어. 하긴 이게 젊은 사람들도 어려워하는 이야기긴 해..
5	네?
7	우와…. 고구려. 고구려 좋죠. 땅이 엄청 넓잖아요.
4	그래서 그거 물어주느라 돈이 꽤 나왔어.
6	"어이구, 잘났다 잘났어.	 지 엄마만 진상 만들고 있네."
0	걔가… 평소에도 저 많이 놀렸는데.        어제 초록색 옷 입었다고,        자꾸 개구리라고 놀리잖아요.
3	아 몰라요..
5	여기는 어쩐 일이냐.
2	그 부분을 빼면 또 이야기 할 게 크게 없기도 하고…
0	 나 바빠 말 시키지마.
5	뭔데 그래? 얼른 말해봐 엄마 궁금해
5	뭘 어떡하긴 어떡해. 알아서 살아야지.
5	 그랬더니...? 귀신이 있었어...?
7	오냐. 고맙다. 고마워.
1	장님이 코끼리 다리를 만진다… 그런 속담이 있는지 몰랐네.
6	윤아가 그런 데 가려고 할까?
4	네…
2	네. 엄마가 장어 먹으러 가자 그러시는 거 같던데.
2	여자들한테는 세상이 아주 위험하고, 흉흉하다고.
3	학원 가면 쉬는 시간도 엄청 짧고... 공부만 해야되잖아.
1	부모님이 뭐 하시는데? 교수님? 학자?
3	아니, 나도 할 말이 없다니까…
3	그 놈의 자식은 사내자식이 입이 싸가지고 영 글러먹었어.
3	 마음대로 하세요….
6	햄스터? 어휴. 걔네 너무 냄새 나.
6	감기는 아니야. 그냥 자꾸 마른 기침이 나.
1	코만 해선 안될 거 같은데.. 지금 전체적으로 노답이야.
7	"나도 이런 거 좋아. 우리 처음 만나기 시작했을 때는 	서로 할 일을 못했었잖아. 	요즘에는 그래도 각자 일에 조금씩 집중할 수 있는 것 같아서 	좋은 것 같아."
2	아.. 저희도 이번에 일이 너무 밀려서요… 진짜 죄송합니다.
1	우리 집은 다 술 좋아해. 마실 줄 알아야, 같이 즐기지. 무슨 말인지 알지?
0	뭘 어째, 너 기물파손죄로 소송걸거야.
1	그래.
6	왜 말을 그렇게 밖에 못해?
2	네 알겠습니다. 다음부터는 이런 일 없도록 할게요. 한번만 봐주세요 사장님.
7	아아 맞다 할머니 무용과 나왔지. 잘 추니까 재밌겠다
6	진짜 혼자 있을 수 있어. 내가 애기도 아니고.
5	500일? 엄청 오래 됐네요.
4	돈이 돼야 멋있지. 아 나는 언제 서울에서 집 사나. 서울에 집이 뭐야 전세라도 갈 수 있으면 좋겠다. 월세만 몇 년째야 지금. 돈 아까워 죽겠어.
5	어? 연습하는데?
7	알았어. 그러면 과자 딱 한 봉지만 허락해줄게.
0	그러게. 그냥 면전에 대고  계약서를 쫙! 찢은 다음에  불질러 버려야 속이 편할 거 같아.
0	진짜로. 엄마한테 물어봐.
2	예전에 친구가 선생님한테 말했다가 형들한테 진짜 죽기 전까지 맞았어요. 걔는 파일럿이 꿈이었는데 눈 한 쪽 실명 돼서 비행기는 이제 꿈도 못 꿔요.
4	음...그럼 일단 이번 중간고사부터 오답 노트를 열심히 만들어 봐야겠다.
6	 아 공부 한다고요. 어떤 거 부터 하면 돼요?
4	알겠어. 그럼 선생님이 다른 친구한테 부탁할게.
7	누나 다른 캐스팅 공연은 안 봐요?
7	진짜야 여기 목 뒤에 있어. 파란껌이네 파란껌. 아까 파란 껌 씹었어?
2	저기요, 아저씨. 이번에 아파트에서 무슨 일이 났었다면서요… 경찰차 오고 아주 난리도 아니었다고 그러던데.. 그게 무슨 일이었어요?
0	너는 애가 좀 못됐다. 그거 알지?
4	네. 제가 생각해도... 너무 기분이 이상하실 것 같아요.
6	엥?
2	한 … 열 잔? 어떡해요… 임산부도 계셨는데…
5	전체적으로요?
0	맨날 공부한다고 설겆이도 안하고 청소기도 안 돌리잖아!  공부도 안하는 게!
4	아… 은상이 어머니가 집을 나가셨대요.
5	아 깡패 집안? 알만 하다.
5	음... 그렇기도 하고, 또 아닙니다.
3	백신을 개발 중입니다.
2	저는 이런 이야기 하는 게 너무 힘들어요.. 이제 그만 이야기하고 싶어요.
0	근데 당신은!! 왜 남의 것에 손을 댔어요? 왜 내 아버지한테 손 댔냐고?! 어?!
1	응. 그리고 왜 우리가 못 기르는지도 쓰자.
4	응. 아버지 없다고 놀림 받고 손가락질 받는데, 삐뚤어지고 엇나가면 더 어머니가 속상할 것 같아서 공부를 더 열심히 했지.
3	해결? 네가 무슨 수로?
2	아니요. 안되는데요.
5	그래? 잘 그렸나보네. 무슨 그림을 그렸는데?
3	진명이는 아직 쪼끄맣잖아. 엄마 아빠랑 같이 자야지.
6	원래 우리 모임 총무를 진희가 하고 있었거든?
0	"세 명이면 세 명이고, 네 명이면 네 명이지,  	왜 서너 명이에요?"
4	이 나이에 무슨 새 장가요. 그냥 이렇게 사는거지.
5	완벽하진 않아도.. 행복하게 지낸다...
3	아 못 하겠어...
6	뭘 그렇게까지 궁금해 해. 엄마한테 사주 받았어?
0	사다 먹어.
3	 그거? 떨어졌어.
4	병원 밥 먹는 거… 고역이지.
6	싫어. 나는 무서워. 그런 거 하기 싫어.
3	입맛? 어제 보니까 엄청 잘 먹더만.
7	난 동물을 사랑하거든.
4	병준이도 그렇게 생각하니?
7	헐. 개불쌍..
1	그냥 돈을 안 쓰고 묶어 둔다는 데에 의의를 두려고.
2	정말? 아빠가 속상해하지 않아? 내가 할머니한테 얘기했다고 화내진 않았어? 나 너무 걱정됐어…
7	아싸. 근데 나 아직 배 안 고파.
3	당선 되면 추가로 보나쓰도 준다고 하더라.
5	정말? 안 아파?
5	 어 분명 정문 경비실에 맡겼다고 하셨는데.
4	엄마 친한, 종숙이 아줌마 있지?
2	응. 근데, 어떻게 없었냐면... 
4	새로 이사올 사람도 자네처럼 집을 아껴줄 좋은 사람이었으면 좋겠네.
2	그러게 정말 스트레스가 많아서 이러는 건가.. 나 무슨 검사라도 받아봐야 되는 건 아니겠지?
2	네…
0	그치? 다들 사실 별로 궁금한게 아니라니까? 그냥 물어보는거야, 그냥!
2	네. 아직까지는 뭐가 뭔지 잘 모르겠어요.       근데 제가 장이 워낙 안 좋아서, 그게 힘들어요.
0	아니 훈이 걔 혼자였어. 와… 돈을 슬쩍 빼내는데.. 그걸 3일동안 계속 그러더라고. 지금까지도 걔가 그런거지 뭐.
7	진짜? 야, 너 좀만 꾸미면 괜찮을 거 같은데.       이 언니가 스타일링 좀 해 줘? 말만 해.
0	내가 뭐 어때서. 야 삼촌이 이래보여도 나가면 인기 좀 있어.
6	"어, 아저씨가 티비 급으로 구독자가 없어서,	 얼마 못 벌어. 	 돈은 못 주고, 편의점가서 과자 사줄게."
3	허구헌날 야구 때문에 제 명에 못산다고 하면서, 경기 마다 빠지지 않고 가는거보면… 네 아빠도 진짜 제정신 아니야.
6	"아니잖아! 목소리만 크면 다야?	 그렇게 조카 이기니까 좋냐?"
4	알았어. 갑자기 무슨 일이라니.
4	언니도..?
4	향수는 저번에 줬어… 지금 내 고민이 뭐냐면, 남자친구가 너무 부자라서 이미 필요한 건 다 있고, 다 비싼 것들밖에 안 쓴단 말이야.
0	됐습니다요. 그만하세요.
7	농어촌 전형 정원이 5명인데 2명이 지원해서요.
1	오십 년 전이시면… 아 맞다. 제가 사장님 존함과 춘추를 묻는 다는 걸 깜빡했는데…
4	아이고.. 그랬구나 속상하겠다.
4	만약에 누나가 잘못되면, 우리 가족들 다 얼마나 슬프겠어. 나쁜 선택을 하기 전에 꼭 우리 가족들을 생각해. 알았지?
0	아니 그렇잖아. 어려운 것도 아닌데.
2	야. 심난하겠다. 애들이랑 부인은 어쩌고?
2	아… 근데 또 담배 냄새 나면 어떡해…
0	형을 내가 어떻게 믿어?
5	그래? 난 커피맛을 잘 몰라서..
3	그렇긴 한데… 그렇다고 해서… 그런 아무 회사나 들어가야 돼 내가?
0	얼른 가져와. 아빠 화나기 전에.
5	그럼. 어떻게 몰라. 고마워요.
1	우리 수영장에 나오는 여학생 하나 있어.
0	한 반에서 같이 공부하면 다 친구지!
4	에이...아빠 서운해?
5	어디서?
2	처음 뵙겠습니다… 권준혁이라고 합니다.
7	오빠 괜찮아지면 갑시다. 우선 얘기는 꺼내 보고.
3	벌써 삐질려고 하네 뭐.
6	얘 트레이닝 엄청 빡세게 하더니 실력이 확 늘었대잖아.
3	성차별적인 발언하신 부분에 대해서요.
7	좋게 봐주셔서 감사합니다.
5	그래? 방학이야?
6	너 영어 숙제 다 했어?
0	좋아. 당장 내 번호부터 삭제해.
2	잘못했어요 형수님.
7	 흠, 그 정도 보상이라면 뭐, 한번 봐줄게.
1	왜 싫어?
4	그래, 고마워. 우리도 건강 관리 잘 하자. 있을 때 잘해야해.
7	에어로프레소라는거예요.
5	어 뭔데?
1	그래서 여자친구 생겼어, 안 생겼어?
3	아이고 그 놈의 태국은, 10년도 더 됐것네.
4	그랬겠다. 우리 때도 그랬지. 약한 애들은 어딜 가나 괴롭힘 당하기가 쉬워.
6	아, 입맛이 없는데 어떻게 먹나.
1	쭉 아파트에만 살았잖아.
4	 여지껏.. 일벌레처럼 일만하다 갔네….
0	오늘은 폐기 뭐 없냐고. 배고픈데.
0	저 지금 기분이 좀 나쁘려고 하거든요?
6	저는 지금 보면 안돼요?
2	하 어떡하지.
6	너 그 때 학교 가잖아?
7	어떻게 되긴. 성공했지.
0	거짓말 치지마. 너 어제 뭐 입었는데?
2	정말요? 워낙 안 친해보여서 동기인 줄은 몰랐어요.
0	아니 지들이 상한거 팔았으면, 죄송한 줄 알고, 사죄를 해도 모자를 판에… 뭐가 어쩌고 저째?
0	내가 바른 말하니까.. 당신도 할 말 없지?
1	네. 체험학습이라고 말하고, 학교 결석했어요.
3	희진이가 맨날 해서 나도 옮았어. 오 마이 갓김치~
3	와 소리 엄청 깨진다. 귀 안 아프냐 이런 걸로 들으면?
0	돈 필요하면 니네 아빠한테 가서 얘기하세요.        어려운 얘기는 다 나한테만하고. 아빠한테는 가서 아양떨고.        아주 미워 죽겠어.
4	아니. 이제 아들도 독립했겠다… 뭐, 우리도 이렇게까지 큰 집은 필요 없으니까 옮기려고.
1	근데 왜 안 했어?
7	아~ 그거? 스쿼트 머신이야.
0	저는 둘 다 주는 거라고 이해를 하고 계약을 한 건데 이런 법이 어딨습니까?
2	죄송합니다.
0	야… 나 경찰된지 10년도 넘었어….
5	"그럼. 선물은 리스트업을 딱 해줘야, 해주는 사람이 편한 거야.	  빼고 그런 거 필요 없어."
6	"음.. 야.. 내가 뭐 실수했니.	 나 물 좀 마셔야겠다.  이모! 여기 물 좀 주세요."
5	정말? 세상에 그런 일이 정말 있어?
0	 아 엄마 제발요. 제발 시험 진짜 잘 볼게. 제발.
3	"그러네. 쨌든 그런 것들이 너희 남매의 특징이야.	 한 마디로 에너지 과다."
3	아니, 누굴 택할지. 직접 본인 입으로 들어보자고요.
0	 뭐? 야 너 돈 내놔.
2	네.. 다행이라뇨…? 저 죽기라도 하는 건가요?
0	돈? 갑자기 왜?
4	아니에요 인기 없어요~
7	그래요. 아직 학생이라 혼자 정하기가 그렇겠구만.
1	왜? 무슨 일인데? 뭘 물어봐도 아빠는 그냥 한숨만 쉬어.
0	 뭐!
4	저희들이 다 전산으로 입력 해야 하는 부분이라… 사진 없이는 발급이 어려우세요.
6	뭐? 얘가 못 하는 말이 없네.
6	참, 그것도 다 옛날이다. 이제는 아주 할머니야 할머니.
4	네? 뭐라구요? 됐어요.. 별꼴이야 진짜…
6	뭔데. 어떻게 사야 되는데.
5	그래?
4	친구들이랑 약속한 데 있어?
4	한식 말고는 다 별 볼일 없다는 소리야.
2	밤에는 엄청 무섭겠다. 골목이 되게 좁던데?
5	확실하게요…?
1	기기 변경이라는 건.. 보통 기변이라고도 하는데. 통신사는 그대로 두고 핸드폰 기계만 바꾸는 걸 기기변경이라고 하는거야.
7	짜잔-  이게 해풍워치라는거거든?
5	뭐? 남자친구? 웃기다. 갑자기 왜 그런 말을 했대?
1	그렇구나. 나는 10시 넘어서 자는데.
0	 지환이는 공부도 잘 하고 착한데 너는 수업시간마다 왜 그렇게 떠들고 그러니?
0	아무리 그래도… 숙련자가 해야 되는 일인데. 어떻게 아무나한테 넘겨줘?
4	네, 학교에서 배가 너무 아프다고 해서 조퇴했다나 봐요. 병원에 데려가야 하는데, 지금 데려가 줄만한 사람이 저밖에 없거든요. 제가 가야할 판이예요.
4	어제 화장품을 잘못 썼나봐.
1	물티슈요. 이거랑 같은거.
7	오~ 진짜 착한 친구구나?
4	 서영이가 물을 가져다 줄 때까지~?
7	아이. 박대리 승진 기념으로 기분 좋게 마신 거야.
5	근데, 이걸로 대체 뭐 한다는 거니?
2	응. 사위도 이제 아주 은퇴를 했거든.
5	하얀색 자동차가 신호에 걸려서 멈춰 있었는데 초록색 자동차가 그냥 꽝하고 박아버리더라구요.
5	네?
5	아주 대단한 정보를 접했구만.
3	어떤…?
2	앞으로 어떻게 하면 좋을까요? 그냥 탈까요?
7	"저도 요즘 건강하게 먹으려구 저염식으로 먹고 있어요.	 할머니 드시는 거랑 비슷해요. 적응하시면 간장 없이도 맛있어지실 거에요."
4	정말…...너무 안됐다. 그럼 장례식 하겠지? ...오빠도 장례식 가겠네?
2	이빨 두 개 합쳐서 이백.
6	그냥 다른 남자 애들 한테 빌려봐.
3	"짜고, 쓰고, 떫고. 	 좀 익으면 시어 터지고."
1	아니, 진짜라니까. 진지하게 좀 들어 봐.
5	3시 40분!
6	나한테도 베트남인가 동남아 어딘가 간다고 그랬어.
3	형사 처벌이 진행되면... 세훈이한테도 큰 문제겠죠.
4	아… 안되는데…
4	저 요즘 너무 걱정이에요. 애들이.. 반 분위기가 너무 심각하거든요.
0	아 몰라~! 진짜 짜증나.
7	 여~ 좋은 아침.
3	여기가 동네 구멍가게도 아니고, 그게 되겠냐?
6	아… 힘들어
7	어.
5	애기집? 왜? 문 다시 열라고 해.
6	그건 싫지만. 애기들이 머리 휘황찬란하게 하고 다니는게 어색해.
5	배달대행업체서 오신 거 아니에요?
3	너무 많은게 안 되잖아요.. 밑반찬 집어 먹은건 죄송해요. 저도 이럴 줄 몰랐죠.
1	알겠습니다. 안녕히 계세요.
3	그게 뭐야?
5	네?
7	근데… 사위가 외국인이면 어떡해? 한국말을 못해서 가르치기 힘들 텐데.
7	이번에 아빠 오시면, 여행 가기로 했잖아.
2	시체 같아…!
7	"주말에 날씨 좋을 때 한 번 가봐야겠어요. 	 이제 완전히 가을 날씨네요."
4	제목이 꼭 그렇죠?
0	야. 너 물 한번 갖다 주면서, 인신 공격까지 하기야?
5	무슨 영화길래, 하늘을 난다는거니?
3	엄마가 형 때문에 너무 힘들대! 형이 맨날 말 안 듣고 공부도 안 해서!
6	아니요! 아니요! 아니요! 괜찮습니다!
1	고모 나 배고파.
6	더 이상 살아갈 의욕이 없다. 직장에서도 짤리고, 만나는 사람도 없고...
5	이사? 어디로?
0	누가 먼저 반말했어요?!
1	응, 그게 제일 중요해.
4	니 할아버지 아직 안 죽었으니까… 너무 걱정하지 말고.
6	그쵸? 너무 신경 쓰여요.
6	에이. 그러지 마. 괜히 비싼데 돈 쓰고.
7	그래? 예솔이도 그러고보니 영어를 잘 한다고 했었구나.
0	아.. 그러니까요. 이번엔 제가 두 세번 다시 확인하려고 해요.
2	픽션이라 해. 어차피 만환데.
1	네.
4	"인생이 조금 돌아가는 게 실패는 아니야. 알고 있지? 	 누구나 넘어져서 잠시 쉬는 시기가 있어.  너는 그저 남들보다 조금 빠르게 겪는거야. 알지?"
6	팀장님. 원룸사건 용의자 아직도 영장 안떨어졌어요?
4	걔가요...
2	열한 시.
7	네. 전 한참 전에 왔거든요.
5	 오빠 오늘 결혼기념일 아냐?
1	번호표 주시고요. 무엇을 도와드릴까요.
5	"테이크아웃? 여기서 먹으면 안된다고? 왜??	 그럼 어디서 먹어야 되냐?"
7	부엌에 계세요.
3	아, 니 형제 관계를 내가 어떻게 알아?!
1	누가 너 보고 적금을 들래?
7	요즘 삼겹살 가격이 좀 올랐다던데. 비싸려나?
5	그걸 지율이라고 하는 거에요?
7	효과가 있었어요?  그런데 실장님은 이런 거 복용할 필요가 전혀 없어 보이시는데.
2	사장님도 자녀가 있지 않습니까? 제 아이들을 생각해서라도, 이번 기회 진지하게 생각해 주십쇼.
5	성적표를 바로 가져오다니.. 잘 나왔어?
3	아  그렇죠 그렇네
4	 어쨌든… 이미 일어난 일인데.        화를 내서 뭐해. 아무튼, 엄마도 나한테 잘못한 거 있으니까,       쌤쌤으로 치자.
1	그럼 우선 분실 신고를 도와드릴게요.
1	네! 최선이에요!
5	응. 매표소에 할아버지가 있더라.
0	엄마가 뭐라고 했어? 숙제하고 놀랬어 놀고나서 숙제하랬어!
2	아니에요.. 아니에요..  제가 잘못했어요 아빠..
2	불안하네.. 항상 자리에 안 계시니까..
4	점심 뭐 먹을래?
0	먹는 건 좋다 이거야. 다만 오만원이라도 챙겨주려는 마음이 있어야지, 식구들 주렁주렁 달고 오면서 어떻게 빈손으로 올 수가 있어?
3	에이. 지금 보니까 별론데? 몸도 별로고.
6	그러니까. 마산댁은 아직 70대잖어. 아직 어려서 그렇지 뭐.
5	싫어. 고양이한테 생선을 맡기지.
6	나는 족발 싫단 말이야.
3	야 너는 여자애도 아니고, 그게 뭐냐.
5	네? 지금 저보고 두꺼비라고 한거예요?
5	뭐 그냥. 같은 반인데. 왜?
6	착하고 자상하고 가정적이야.
6	다 늙은 노인네한테 오백원 깎아먹고 싶어? 심보가 못 돼 쳐 먹었구만.
4	….잘 안 되니까 지금 이렇게 힘든 거잖아.
0	그러니까. 사람은 사람으로 잊는 거라고. 넌 그런 말도 모르냐?
1	이제 한 500일쯤 됐어.
0	제가 두 눈으로 저기서 똑똑히 봤는데 왜 거짓말하세요?
7	아까 얼마 나왔죠?
2	아저씨…. 제발. 아저씨 자녀분들 생각해서 저 좀 봐주시면 안돼요?
0	아니! 삼촌 진짜 너무한 거 아니야?  하나뿐인 조카 생일도 몰라?
4	그런 놈들이 어떻게 교장이 되는지 모르겠어. 눈치도 없어가지고.
1	우리 집이 이사를 가야 하는데 말이야.
2	눈이 없었어요. 두 눈이 움푹 파여서 까맸어요.
6	아니, 점심시간이라 다른 식당도 다 사람 많을 거 같아. 여기서 기다리자.
5	너는 내가 좀비 되면 어떻게 할건데?
4	네….
0	다 걸고?
5	그래.
4	돼지갈비 먹으러 가서 셋다 배터지게 먹었으면 좋겠다.
6	그건 그래. 오빠가 설거지는 기가 막히지.
2	그럴 용기가 없었어. 애들 눈치도 보이고.
5	어디서요?
4	그래? 우리 소율이가 많이 힘들었겠다. 선생님이, 반장은 그런 일을 하기 위한 게 아니라고 애들한테 말해보는 건 어떨까?
0	그럼 나 독서실 끊어줘.
0	 학생이 돈 쓸 일이 어딨어?
3	그러다 또 종현이보다 작아지겠네. 종현이는 편식도 안 하고 밥도 잘 먹는다는데.
7	여기가 어디야? 반짝 반짝 하네
4	그렇게 오래됐냐? 나는 이제 늙어가지고 시간이 지나는 것을 잘 모르겠어.
5	 헤에? 쌤 모쏠이에요?
4	아니 말 못했어.
0	뭐? 김다희 너 이리 안 와?
5	물렸어??? 어디 물렸어.
1	이번에 서울에 새로 아쿠아리움이 문을 열었다고 하던데. 뉴스에서 봤어?
4	어릴 땐… 이런 생각 잘 못했는데.. 요즘은 손주가 생겨서 그런가? 이런 생각을 부쩍 많이 하게 돼.
3	 알아서 다 해.
6	숙제를 하고 싶을 땐 없을 거 같은데?
0	"거의 성인이면 니가 돈 벌어서 나가 살아. 자기 앞가림을 할 줄 아는게 성인이지.	 그리고 너 이런 식으로 살면 나가 살아도 금방 망하겠다."
5	내가? 이사 가면 어떡해?
6	"그걸 왜 못하게 해.	 사우나에 걸어놓으면 금방 마르는 것을."
1	응. 너한테 2호점 내준대?
2	"아… 내가 어떻게 하면 될까? 	좀 쒀줄까? 주중에는 좀 힘들 것 같고, 주말에?"
4	뭐 사람마다 다르긴 한데, 나는 중요한 것 같은데?
1	아기물개반 다음이 해마반이야?
0	미쳤습니까? 내가 당신을 왜 그리워해요? 우리 엄마를 그리워했다구요! 아들밖에 모르던! 가족 밖에 모르던 우리 어머니를요!
1	호텔이랑 렌트카 전부 예약했어.
1	늦은게 어딨어?
3	뭐야. 나한테 왜 짜증이야. 너 뭐, 생리라도 하냐?
1	그런건 진짜 드문 일이야. 만약 다친다고 하더라도, 상어에 물리는 그런 사고보다는, 안전 사고가 더 많지. 다른 사람 보드에 허리를 치인다든지…
5	왜 남의 물건에 막 손대고 그러세요?
3	뭐래. 완전 꼰대.
5	아, 그래? …. 그렇게 하기로 결정한거야?
0	그러게나 말이야. 자기네 가게 앞은 자기들이 알아서 한다면서, 당번 정해 청소하는 일에 쏙 빠졌다구, 거기 꽃집하는 미경이네가 뿔이 나서 말하더라구.
5	네?
7	돈이 없긴 없는데, 꼭 필요해서 샀지.
1	엄마, 상견례 말이에요. 식당을 어디로 잡을까?
1	그리고 자율배식이잖아!
5	너무한 건, 너다 너. 아빠는 명확히 말했고,  지켜지지 않을시, 바로 용돈 삭감 들어갈테니까, 그렇게 알어.
5	 그게 무슨 말이야?
7	오래 하네.
3	그런 쓰레기들은 도대체 왜 사는지 몰라. 걔 아마 학교도 땡땡이 쳤을 걸.
5	 아… 네. 그래서요?
0	강인아.. 조용히 해. 다른 쪽에 앉은 사람들이 들으면 시끄럽다고 해. 아빠까지 욕 먹는다.
7	어. 미리 가서 먹어봤는데, 맛은 괜찮다나봐.
5	진짜? 그 부동산 아저씨랑?
7	네. 근데 저 스타빈 아니면 커피 못 마셔요.
4	네… 사실은 세정이랑 싸웠어요. 그래서 학교 오기 너무 싫었거든요.
3	그게 뭐야? 이해가 안된다.
4	네… 그럼 아버지한테 말씀은 드릴게요.
3	맨몸으로 하면 힘들잖아. 저걸로 하면 딱 허리를 잡아줘서, 훨씬 하기 좋아.
5	아 맞다. 할머니 천재다.
7	 네! 그럼 제가 심부름 안 가도 되는 거잖아요!
6	괜찮아요. 그냥 가주세요.
1	좀 늦게 시작한다고 생각하…
6	왜 이렇게 웃어.. 사람 기분 이상하게.
4	아…큰오빠였으면 빌려 줬을텐데…
3	아우, 구차하게 왜 이러세요. 그냥 서로 좋게 좋게 해결 봐요.
1	뭐 하나 물어봐도 돼요?
4	아니요.. 한 번밖에 말 안 했어요.
4	"집에서? 	밥도 해먹고, 꽃에 물도 주고, 테레비도 보고 그러지?"
5	막 가져다 붙이시네. 저. 솔직히 선배한테 좀 실망이에요.
1	남자 친구가 방귀를 뀌면, 너도 뻔뻔하게 방귀를 내지르라는거지.
1	너 미국 가는 거 어떻게 됐어?
4	에휴…
6	정 보좌관한테 연락해서 간담회 끝나면 내가 의원님 찾아뵌다고 연락해놔.            보도자료 잘 준비해놓고.
2	알았어. 다음부터는 집에 오면 나 깨워. 언제 왔는지는 알아야 할 거 아니야.
2	그.. 그거.. 그러니까.. 제가 전부 다 마련하지는 못했고요..
3	음…일단 생각을 좀 해보고 또 연락 드려도 될까요?
3	 내 거에 페어링 해볼까? 뭐야! [어스팟]이잖아!
3	와… 사람이 아니다. 사람이.
0	다 어디 빽으로 되는거죠. 우리같은 평교사들이야 점수 쌓느라 빌빌대야 하지만.
0	수학 진짜 하기 싫어.
3	왜 놀라?
7	만약… 하게 된다면 그렇죠.
6	그 때 그 사람이구나.
7	그래서, 맛은 있었어?
1	나 지훈이랑 헤어질려고.
5	왜? 무슨 일이야..?
7	어. UFO 캠프.
2	부모 마음대로 흘러가는 자식이 어디 있겠어요…
0	내가 그걸 모를 거 같아?!
3	그지. 김대리도 남자라고 하는데 뭔가 이상해.
5	어, 거기, 찬욱이네 이모가 하는 데라고 했는데? 거기서 본 거야?
2	응.
1	엄마, 이 사진 속 사람이랑 지금도 친구야?
5	그러면 반대쪽으로 오면 되잖아요?
1	아 연장했어요.
6	어허. 어른이 권하는 거 그렇게 거절하는 것도 실례야.
1	수업 몇 시부턴데?
3	에이 코 묻은 돈 뜯고 싶냐?
5	오오. 우리 강인이 똑똑하네. 근데 백신이 아직 개발되지 않은 병도 있고, 백신으로도 한계가 있는 병도 있어서, 모든 병에 다 예방주사를 맞을 수는 없어.
6	우리 나라를 자기 부하로 만들었다는거야.      그래서 일본 사람들보다, 한국 사람들을 못난 사람 취급하고.       이유 없이 때리고, 괴롭히고. 그랬지.
0	몸에 안 좋잖아.
2	연락 받으실만한 분 계세요? 가족이나 친구분이나..
2	아니, 그건 아는데, 주방에 희재도 있잖아요.
1	응?
1	넌센스 퀴즈 같은 거야?
4	기운 내. 내가 아는 세형이는 이 정도로 기죽을 애가 아니잖아! 우리 아이스크림 먹으러 가자.
3	안 하면 안 되는 숙제야?
3	텔레파시... 
0	노후에 좀 쉬시면 어때요. 쉬실 나이시고. 계속 무거운 거 끄시다가 건강 상하세요.
3	야 누가 고딩들 노는걸 찾아보냐.
5	너 고모한테 용돈 받았어?
1	그러지 말고 같이 가자. 필요한 건 내가 다 준비 할 테니까.
4	나도 알아.
7	아니 거의 다 했어. 이제 10분이면 끝날 것 같아.
6	그래서 이거 사진을 어떻게 첨부하는 거야?
0	이게…?!
7	근데 요즘 PX에 이것저것 많이 들어오지 않냐?
4	누나가… 너무 진지해 보여서 말을 못했는데… 진짜 맛 없었어. 나 그날 체했어.
5	갑자기? 방금까지 군대도 못 보낼 거 같다더니   너도 어릴 때 사고쳐서 일찍 낳아버리지 그랬어.
1	얘 다시 보여줄게.
7	너 이모를 놀려?
1	그래, 할머니가 말 했잖아, 별거 아니라고. 금방 다 나았다니까, 정말 잘 됐다. 앞으로는 아이스크림처럼 차가운 음식 먹을 때 조심해야해. 여름에는 배탈 나기가 더 쉬우니까. 알았지?
3	그래서 그냥 니가 뽑았어? 어떻게 뽑았어?
6	그니까. 안 그래도 못 먹어서 승질나 죽겠는 사람한테.
3	아빤 짠돌이야!
4	"조금 부럽긴 하네. 	우리 성호는 언제 장가가서, 이런 손주 딱 안겨주려나."
0	지금 이게 죄송하다고 해서 해결이 될 문제인가요? 예? 말씀해 보시라고요!
2	….세아야.
1	그러니까… 자, 이제 무슨 일이 있었던 건지 차분하게 차근차근 말씀 해주시면 됩니다.
6	지훈이 너… 선생님이 모를 줄 알았어? 지훈이 어머니께서 전화 왔었어. 지훈이 공부 잘 하고 있냐고.
7	그래.. 솔직히 한 판은 다 못 먹겠고 반 판은 먹을 수 있어
6	네. 죄송해요 선생님. 아무튼 그래서 제가 그 놈들 다 한 대씩 패줬어요.        사진도 삭제하고요.
2	그러니까 갑자기 왜....
5	대흥이 아저씨랑 아빠랑 친하신 거 아니었어요?
4	아들 있는 놈은 딸 있다고 부러워하고, 딸 있는 놈은 아들 있다고 부러워하고.
2	….네. 그냥 뭐.
5	우리처럼 어디를 올라가?
6	 그...그래. 알았어. 뭐라고 안 할게.       대신 좀 자세하게 좀 말해봐. 어쩌다 그랬어?
0	누구야! 바른 대로 대답해!
5	근데 무슨 내용을 적지?
4	니가 창피한게 아니라... 니가 윤성 선배 한테 전화하면 창피해지겠지...
2	맞어. 이제 벌만큼 벌었다고 느긋하게 살겠다는 거지 뭐.
1	지나간 일이지만 아마 평생 갈 추억일걸?
6	 그래, 어쩐 일로 왔어?
0	저희 엄마가 얼마나 천사같은 사람인데…
1	아냐. 명호 왔지. 명호.
5	아이구 언니. 경로당엘 가야 할배들도 만나고, 친구도 만들 거 아니야.
4	아.. 그럼 저희 매장에 다시 오실 일은 없으신가요?
3	 세현이 아줌마한테 얘기하면 어떡해요? 아 진짜.
4	너무 힘들었겠지?
4	그렇구나
4	나 밥 먹고 싶은데...
2	아니 아빠. 이거 아니잖아 진짜...
3	뭐?
2	"아니, 남자애들은 좋아하는 여자애한테,        	어떻게 좋아한다고 표현해야 할지를 몰라서      	 그렇게 괴롭히기도 하거든."
0	아 뭐에요!
0	" 저게 누굴 닮아서, 저러고 다니는 거야.	 저런 게 대체 어디서 나왔어. "
5	아, 혹시 동남아 쪽으로 가는 것도 있나요?
0	아이고, 그런 얘기 그냥 만나서 하면 되지.
4	그게 좋은거다 얘.
1	아.. 네. 맞습니다.
4	미안하다, 야…
0	         난리세요? 너 지금 선생님한테 말 버릇이 그게 뭐야?
7	큰 결정 내린 거니까.
2	어떻게 모른 척을 합니까. 수사가 들어오는데…!
5	 뭐?
6	실망이야.
4	아.. 어린이는 커피를 마시면 몸에 안 좋아요
4	 그래도... 나는 엄마가 다시 행복해진 거 같아서 좋은데. 형은 안 그래?
3	네가 지금 아이스크림을 먹어야 되는 이유 세 가지만 들어 봐.
2	일단 제 번호 지우시구요, 선생님은 그냥 모른 척 하고 계세요.
2	 야, 성호 죽었잖아.
2	그것 때문에.
4	동생은 성격이 좀 어때?
2	현아는 대학생이라 올지 모르겠네. 형진이는 오지 않을까?
6	"잔말 말고, 엄마가 지금 영어학원도 알아보고 있으니까,	 너네 친구들 좋다는 데 있으면,  엄마한테 바로 말해. 알았어?"
3	"자기 우산은 자기가 알아서 챙겨야지.	 오빠가 애야?	 준호오빠랑 어떻게 이렇게 달라?"
7	어.. 그래. 너는 뭐 워낙 잘 하니까.
4	그럴 수도 있고. 아닌게 아니라… 요새 진짜 운동 부족이야. 조금만 걸어도 숨이 차.
6	그거야 뭐 좋은걸 맨날 바르니까 그렇지.        너도 이제 스무살 넘었으니까, 피부 관리 잘 해야지.
5	공포 영화도 잘 봐?
7	후라이드 치킨.
0	너 용돈은 다 어따 쓰고.
0	나를 죽일 셈이 아니고서야… 통짜로 부러진 날을 음료에 담아 줄 수가 있냐?
5	나? 아냐 됐어. 나 얘네 안 좋아해.
7	있다 아빠 오면, 아빠한테 말해 봐. 아빠~ 진명이 방 생기게 돈 더 많이 벌어오세요~
5	유치원 선생님이에요?
1	생각해 봐. 우리 엄마랑 아빠는 둘 다 운동을 잘 하잖아.
6	" 원철이를 빼면 원규도 같이 빠져야 되는 거 아니야.	 야. 원규가 내 고등학교 동창인데~ 내가 어떻게 그래. 난 못 해."
3	어차피 손님 아무도 없네요!
5	제가 잠깐 다른 생각을 하느라… 흐름을 좀 놓친 거 같은데 어떤 맥락으로 하시는 말씀이신지…
4	네... 괜찮아요.
1	응. 난 일년에 세번도 안 울어.
0	다 드셨으면 그릇을 시키신 데 앞에다가 둬야죠  아 이거 없어진거 같은데
7	진짜 개짱이야!
7	니네 아빠가 워낙에 일찍 자잖아. 그 때 심심하니까 봐야지.  아 맞다. 나 그거 이번에 새로 시작한 사극도 다운 받아주면 안돼?
5	아… 그걸 보셨구나.
7	내가 뭘 도와줬다고.
6	급식을 받아놓고 다 버려?? 왜 점심을 안 먹어?
1	밥은 어디서 먹을건데?
5	금간 게요?
5	주판이 뭔데?
0	실습 끝나고 수도 확인도 안하고 그냥 가면 어떡하냐?
5	화력발전소… 아, 그래서 지금 물의 흐름이 막힌 것 같은 느낌이 드는구나. 지금 보면 기운이 흘러야 하는데 다 증발하고 있어요.
1	응. 근데 원신이는 그 고릴라 어떻게 생겼는지 몰라?
3	미역국 삼촌이 끓이면 되겠네. 어차피 집에서 아무것도 안하잖아.
7	그래요, 이력 훌륭하네. 논문도 봤어요. 석사 논문치고 인상적이던데.
4	형. 딱 한번만 더 도와주라.
6	하아… 그래요…
4	또 차였다면서.
3	느끼해.
6	"엄마가 형한테 얼마 준다고 그랬어? 	10만원?"
5	아니요? 이거 어디 나라 말이에요?
0	 97년 생은 소띠에요. 이 미성년자 자식아.  당장 안 꺼지냐.
0	어떤 놈이 그런 말도 안 되는 소리를 해?
2	그래도.. 너 독립하면 그 때부터 돈이 얼마나 새는 줄 알아? 자리 잡을 때까지 그냥 엄마 아빠랑 살기로 한거 아니었어?
5	아 진짜? 타고난 건 줄 알았는데?
7	그렇죠?
1	동아리에는... 이번에 1학년 후배들 새로 들어왔지?
6	 아아. 그럼 나 그때까지 뭐 해.
0	어우. 그걸 꼭 지금 봐야 돼? 밥 다 식겠다.
6	"옛날에 여기 살던 언니가, 죽었잖아요.	 그래서 아줌마 아저씨 다 이사갔다고 그러던데."
4	우리 반에 병준이라고 알지.
3	너 내가 경찰 부른다?
4	그냥. 나도 우리 아버지가 많이 무심했거든.
6	너 뭐 먹고 왔냐? 깔짝대다가 말어 남자애가.
6	 무무한테 무슨 일 생기면 너 죽을 줄 알아.
7	"근데 어떻게 이렇게 빨리 왔어요?	 빠르기도 하지."
5	엄마가? 어디 놨을까?
3	개꿈이잖아!
2	요금제는?
0	어떻게 할거야! 책임져!
0	"뭘 기억이 안나. 	어머니 돌아가셨을 때 니가 몇 살이었지?"
6	아퍼! 왜?
0	제가 가는 길을 막고 문을 잠궈야 못 나가게 하는거에요? 밑반찬이 값이 나가네 어쩌네 하면서 사람 무안 주는 것도, 막는거 아니에요?!
6	너 지금 신는 거 있잖아.
3	"잔이 여러 개구만. 혼자 마시기는. 	 설마 또 화투판 벌인 거 아니지?"
4	형… 그럼 친구가 없어서 책만 본 거야? 우리반에도 그런애 있는데… 박지윤…
1	응. 가족도 너무 소중해.
2	네.
6	뭐긴 뭐야. 사는 게 힘들어.
1	힘들게 익혀야 진짜야.
3	엄마가 여기에 맡기신게 확실하대?
4	뱀파이어는, 사랑을 할 수 없는 불쌍한 존재인거지!
6	" 그건 또 그러네.	 할 생각은 있긴 한 거야?"
7	어서오세요, 오랜만에 오셨네요?
6	그게 아저씨 일이니까!
1	왜? 니가 그렇게 화내니까 갑자기 너무 궁금하네.
4	네.. 바로 드릴게요.
3	아니거든. 그냥 아는 선배거든.
6	미래가 안 보여.
6	도쿄 얼마전에 다녀 왔잖아.
4	아….
4	안 도와주셔도 괜찮아요. 저 알아서 해결할 수 있어요.
1	그렇지 않을까?
7	우리… 그럼 빙수 먹으러 갈까?
6	소스도 다 부어져서 나와서 눅눅했어요
7	청도. 요즘 거기가 비행기 값이 싸대
7	"	그래주면 고오맙지! 나 남자 좀 잘 만난 것 같아. 완전 땡잡았네?"
1	뭔 충? 뻐 카 충?
3	 야! 너 장난해? 엉덩이 좀 들어 보랬다고 진짜 엉덩이만 쑥 들고 있는 거니?
1	둘쨰는, 음 와이프가 일 시작한 지도 얼마 안됐고.  지금은 좀 때가 아닌 거 같애.
3	에이 지금은 준비된 것도 없고, 부끄러워서 안돼요.
4	네. 간병하는 데 드는 돈이 아까워서, 따로 간병인 두는 거 어렵게 생각해요.
1	수염? 당연히 나지.
0	안 삐졌다고! 왜 자꾸 그래.
1	아니야. 내가 TV 에서 봤어. 목 건강에 제일 안 좋은 베개가 할머니거 같은, 높고 딱딱한 베개랬어.
5	네? 아.. 일단 제가 한 번 만져볼게요.
6	"나, 아까부터 왔지.	 오빤 왜 이제와."
7	응. 아직 덜 익었는데, 며칠 있으면 맛있을거야.
2	아이고….
3	그래. 3년이면 충분히 쓰겠지?
5	뭐…? 좋아하는 애가 생겼다고? 여자애?
1	그냥 할아버지한테 물어보지 그래?
5	엄마, 말에 모순이 있는 거 아니야?
3	아.. 질척질척 짜증나.
5	시나리오 전공 하셨네요.
4	그러지 말고 한 번만 몰아보자. 내가 언제 또 이런 차 타보겠냐.
4	"누나가 그걸 얘기했어요? 아 참, 누나도 주책이네. 	 뭘 그런 걸 아버지한테 쪼르르 와서 얘기하고 있대."
3	어. 왜? 부러워?
3	요즘 당신 좀 변한거 같아.
3	무식하고, 무능력한 머스마라 자격지심 느끼니?
7	개그맨 박유미씨랑 먹방하시는 김태양님도 저희 회사 소속이세요.
6	알았어. 말한다는게 아니라. 걱정돼서.
1	엄마 아빤 아까 마트 갔잖아.
0	저런… 그런 일이.. 희천이 그 친구, 원래 심장이 안 좋았나…?
4	우리 노래방 오늘까지 거던.
3	무슨 생각으로 이런 걸 써와?
7	좋은 친구들이 있다는 건, 네가 좋은 사람이라서 그런거야.
0	원래 세상은 불공평한거야.
6	"엄마 살아계셨을 때도 나 똑같았거든? 	신경 쓰지마."
3	왜?!
0	사기꾼이 아니라 먹는 내가 느낌이 다르니까 그러지.
4	 밥 먹으러 가자.
3	참... 선배는 술맛 잘 아셔서 좋으시겠어요~
2	사장님이요…
6	"아까 밥도 별로 안 먹었는데 	진짜 괜찮아?"
0	뭐야 답정너네. 알았어. 엄마 먹고 싶은대로 가.
6	아빠가 할머니 요양원 보내자고 하던데..
6	너 마케팅팀 김은혜 대리랑 무슨 사이야?
7	음… 아니에요. 그런건. 근데 그냥 돈으로 주시면 더 좋을거 같긴 해요.
6	왜 이렇게 빨리 집을 내놨대?
0	뭐…? 이게 아주…?!
1	그럼 그렇게 얘기하지 그랬어. 왜 금요일로 정했어? 누가 토요일이 안 되는 사람이 있었어?
6	 그냥 따라와요. 대명관까지 데려다줄게요.
5	팬다고?
6	그건 알지만.. 그러면 외국인들이 한국어를 배우면 되는 거잖아요?
1	아 그럼요!
3	아니긴 뭘 아니야? 뻔하지.
5	왜? 우리 아빠는 친구라고 했는데?
0	보셨는지 모르겠지만, SNS에도 많이 올라가 있거든요. 그거 알바 쓴 거 아니고 다 100% 진짜 후기에요.
0	그게 무슨 말도 안되는 소리야. 지금 니 나이에 공부하고 키크고 해야 할 일이 얼마나 많은데… 고작 살을 빼겠다고 탄수화물을 제한해?
5	뭐..뭐하는거야! 핸드폰 바닥에 버려! 
5	 어 할아버지! 뭐 필요하세요?
4	피자 먹고 있는데 미미 오면 어떡해?
4	그래. 너희들만 그런 게 아니라 어른들도 그렇다니깐? 쉽게 서로를 오해하고. 그러면서 싸우고.
1	글쎄. 없을걸. 요즘 집에 먹을 게 없어.
4	자네 손주 재롱을 못 봐서 아쉬워.
5	너 걔 좋아해?
3	아빠가 그런 말을 입밖으로 내겠어? 아빠는 엄마가 계란 껍질로 요리를 해줘도 잘 먹을 사람이라고!
1	응.
0	왜? 이모가 도와 주러 오는 게 싫어?
5	네 무슨 일이시죠?
1	왜애. 무슨일인데.
2	그러게. 그럼, 무서운 얘기나 할까?        대나무숲 하면 무서운 얘긴데.
5	진짜? 나 엄마한테 물어본다?
2	음… 아니야, 아니야. 아니야. 사. 사자!
4	<은혜 갚은 고양이>라는 동화책을 읽고 감상문을 썼는데, 그 이야기가 너무 슬펐어.
2	 음… 이게 무슨 맛이지.
1	응. 외국 애들 봐봐. 어릴 때부터 커피 많이 마시는데, 키도 엄청 크잖아.
4	맞아. 나 발차기도 잘하고 다리 찢기도 잘 한단 말이야. 내가 먼저 검은 띠 따고 싶어.
1	저번에 니가 친구 삼촌 얘기해주고 나니까 나도 문득 궁금해지더라고.
4	음... 그건 일단 합격부터 해 놓고 생각해 봐야 하지 않을까? 무슨 과든지 상관없으니 일단 정민대학교에 들어갈 수만 있었으면 좋겠다.
5	알겠습니다. 다용도실이 저 쪽인거죠?
3	너는 아직 철이 덜 들었어.
4	고맙다. 늙은이 식사 까지 챙기고.
0	그냥 해도 된다니까.
5	식도염이요?
3	그 정돈 아닌데….
1	요샌 세월이 참 빠르다니까.
2	아고. 야. 그럼 죽 먹으러 가자.
3	뭐…? 누구? 회사가?
7	 무서운 거 잘봐요?
5	정말요? 어디에 좋은 꿈인데요?
0	넌 공부도 안하고 허구헌날 게임만 하고 앉아서 엄마가 부탁하는 거 하나를 못들어줘?
7	 저 그럼 지금 엄청 영광이네요?
1	근데… 안 가는 것 보단 좋은 거 같아… 재수, 삼수 하는 애들 보면…으... 사람의 모습이 아니야.
4	그래. 이따가 다시 올게. 엄마한테 지금 꼭 물어봐줘.
6	지금 언론의 자유를 침해하고 계세요.
4	너 요즘 밥 사먹을 돈은 있어?
7	수학여행 갔는데..
0	이럴거면 집에서 수학학원 숙제나 할걸 그랬잖아! 괜히 언니가 데려온다고 해서 기대하게 해놓고!
2	아빠 없는 애들 만들기 싫으면 몸 관리 좀 하세요. 이제 40대 초반이 벌써부터 이러면 어떡해요.
7	네. 남동생 하나 있어요. 남동생도 말 잘 듣고 착해서... 제 행운이죠.
2	음 이번에 정기 검진 했겠네? 공단 다녀왔지?
6	뭐? 그런걸 엄마랑 같이 봤단 말이야?
4	지금은 그럼 다 치운거구나… 아줌마는 어떠셔?
4	….미안하다. 나도 그러고 싶지 않았어.
2	 어? 고.. 고마워.
2	 저… 그럼 어떡해야 돼요? 저 죽기 싫어요.
4	똑같지 뭐. 지난주에 병식이 형이 웹드 하나 물어다줘서 그거 찍고. 그거 말고는 별 일 없네.
3	그래도 그렇지. 신발 똑바로 신어.
4	응.  의자에 두고갔어, 그래서 내가 갖고왔어.
2	네.. 저는 지금 선생님을 믿는 수밖에 없네요.. 지형이한테도 이게 막 큰 일이라고 생각되게 하진 않았거든요. 일단은 학교 생활을 계속 해야하니까..
0	그게 할 소리야? 나 친구 있어. 왜 그래.
5	오. 좋다.
5	아니, 딸의 무형적인 사랑을, 모양이 없다는 이유만으로 그렇게 패대기 칠 수 있어요?
0	경찰 아저씨라고 해! 그냥 아저씨 말고! 경 찰 아 저 씨 !
4	너무 슬프다…
1	 응. 왜?
6	아니, 아니야. 이게 탕 종류를 우리가 진안주라고 하잖아?
7	"	그래? 고마워. 오늘 신경 좀 썼어."
7	희정아~ 그래서 우리 언제 결혼하는거야?
6	그러니까. 아 빨리 집 사야 하는데. 언제 사나.
0	반품 건 오늘 안으로 다 처리하세요. 한 번 더 이런 일 있으면         더 이상 거래하기 어려울 것 같네요. 주의 좀 부탁드릴게요.
4	어? 어… 그냥.
4	네… 원래는 서울에 자취를 하고 있었는데.. 대학원 학비를 쓰느라 방을 빼서…
2	죄송합니다. 예산에 맞는 적당한 방이 없어서...
3	세계여행은 나중에 갈 수 있잖아. 지금은 커리어 쌓을 때고.
5	잠을 왜 못 잤어요?
2	안돼. 엄마, 아빠 살려줘.
4	죄송합니다.
5	근데 나도 오라고? 엄마가 나도 오라고 했어?
7	놀리지마.
1	내가 또 미래의 신부님께는 충성하지.  나랑 결혼해주겠다는데, 모셔가야지.
6	"이제 마음 바뀌었어. 	외숙모가 해준 갈비가 제일 맛있어."
1	넌 지윤이 기억 안 나지? 김지윤.
5	엄마. 엄마는 내가 빨리 결혼 했으면 좋겠어?
7	그래? 뭐 먹으러 갈건데?
4	우리도 빨리 기계와 익숙해져야할 것 같아.
1	태어났을 때, 군대 갈 때, 부모님 돌아가실 때.
3	너도 못 사.   아 아쉽다. 숙제 도와주려고 했는데, 맥주가 없어서 못 도와주겠네.
3	그 분이 사회 생활을 잘 하시네. 그 말을 믿냐?
3	밤새 게임만 하니까 그러지. 어휴. 엄마가 알면 난리 날텐데.
0	 아... 엄마!
7	맞아요. 환갑은 더 하겠죠.
7	우와 멋있다.
5	" 어. 아빠..	 아직 안 나가셨어요? 늦으신 거 아니에요?"
5	너 그런 거 잘해?
7	오빠, 엄마가 오빠한테, 여행 어디로 가고 싶은지 물어보래.
0	아빠가 그렇게 하니까 그렇게 생각하지.
0	아니 사람 들어오면, 돌려 준다니까?
4	응… 오늘 집 앞에 찾아왔길래 무슨 일인가 했더니… 헤어지재
1	아니. 없어. 너는?
1	근데 운전이라는게 진짜 힘든가봐요.
0	아. 기다리기 너무 힘들어.
6	"다는 아니고... 반쯤 컸지.	  알았어. 대신에 이 얘기 해준 거, 엄마한테 비밀이다?"
1	있지.
3	너무하다 그래도 자식이 밥해주면 다들 맛있게 드셔주시지 않나
1	뭘 아니야. 내가 작은 엄마한테 다 들었는데.
2	맨날 야근하느라고 야식 먹고, 스트레스 받으니까 단 것 먹고. 좋은 거 먹고 찐 살이 아니라서 그런지 몸도 안 좋아지는 느낌이야.
4	선생님 제발요. 쌤 제발요. 부탁드려요 제발요. 저희 엄마는 안돼요.
3	너는 무슨 고3이 땡땡랜드를 가?
4	정말? 종훈이는 정말 속상했겠네.
7	할머니 보기보다 겁이 많네?
2	그래. 이번에 다시 기회를 줘 보자. 내가 함 말해볼게.
5	아 네. 모르셨어요?
0	내가 도와준다니까? 너 내 토익성적이 얼만 줄은 알아?
1	왜 또 갑자기 담배를 끊는다는 거야? 해가 서쪽에서 뜨겠네.
5	니가 고칠 수 없는 거야?
4	형님이 보험 그만 두라고 해서 그만둔거잖아. 그니까 화장품 하나 사달라고요.
3	"짜증나요. 제가 뭐만 하면 그거에 의미부여하고, 	그냥 지우개 빌려준건데, 	걔가 자기 친구들한테 제가 자기를 좋아해서 	지우개를 줬다고 그랬대요."
2	어, 근데 정서방은?
6	암놈이지.
4	무슨 일이 있었어? 갑자기 왜 이혼하게 된거야.
1	응, 그래서 안경도 끼고, 렌즈도 끼고 하지.
2	 너 이거 안 맞아봤지. 이거 진짜 아파. 너 병원 가야 돼.
2	저번 주에 선생님들이 말씀해주셨는데.. 제가 까먹었나봐요.
4	네, 다 맞는데요… 그래도 저보다 한참이나 어린 분이.. 이런식으로 말씀하시는게 좀 듣기 힘드네요. 솔직히.
1	혹시 책 좀 있어요?
6	"이제 3월 되면, 또 고3 맡게 될 텐데, 	미리미리…. 걔네들 생기부도 보고 그래야지. 	교사로서 책임감을 가지고 말이야."
3	오마이 갓김치~
7	이렇게?
7	나는 보면서 우리 아들도 이런 좋은 영화 찍었으면 좋겠다. 그런 생각, 한참 많이 했어.
3	그냥… 뚜껑만 열리면 마실 수 있음 되지… 그런게 뭐 필요해?
1	당장 사업을 시작하고 싶은데, 착수금이 부족하거나, 급한 일이 있거나 하면 목돈 나올 때가, 계 말고 어디 있겠어?
2	사진을 찍었다고?
3	정말? 에이구… 어릴 때부터 그러더니. 다 커서도 그러는구나.
6	아 알겠다니까? 다녀와.
4	오늘 친구 녀석 장례식에 갔다오는 길이야..
7	삼촌!
0	그럼 그냥 끊으면 되잖아. 몸에도 안 좋은거 뭘 그렇게 빨리 배우려고 그래.
6	왜 또 예민하게 굴고 그래. 요즘 애들은 우리 때랑은 다르다니까.
3	내가 한 번은 돌려 돌려 말해봤는데… 돌려 말하니까 절대 못 알아듣더라..
5	왜? 맨날 칼 같이 퇴근하시는 분이.
2	그게 뭔데?
6	"원래 안 그런데.	 지금 손님이 몰아쳐서 청소할 시간이 없나봐.	 그냥 우리가 닦자."
0	그러니까 그 의미도 하루 이틀이지 4일씩 여기서 어른들 틈에 있는게 뭐가 재밌겠어요
4	됐어요...
0	아니요… 놀고 나서 숙제할려고 했어요…
0	당연하죠. 내 남친은 나만 바라봐야 돼.
0	뭐? 너 말이 짧다?
3	그러게.  나 되게 어이 없네.
6	그냥. 몸 여기저기. 얼굴은 안되고.
6	아이고. 요즘에 아침상, 마누라 있어도 받기 힘듭니다.
1	일단 잘생겼잖아.
2	너 그래서 어떻게 했어!
7	그럼 그거 하나 해줘요.
2	아니 누가 들어온 게 아니면 대체 집 안에서 이 시간에 그런 소리가 날 이유가 뭐가 있어..?!?
5	내 방...?
0	너 진짜. 한 대 맞아야 줄 거야?
3	있는 그대로 말하면 안되는 때가 있는 걸, 알려줘야 알아?
3	그냥 하지 마.
2	소주 일이병정도 합니다. 담배는 하루 한갑정도.
5	진수가 벌써 고삼이야? 애기때 봤던 게 엊그제 같은데, 진짜 세월 빠르다.             진수가 고삼이구나 벌써 내년부터는 우리랑 같이 맥주도 마시겠다.
4	사람이 이렇게 한순간에 가다니.. 원래 알고는 있었지만 마음이 착잡하다..
0	그니까. 걔는 CCTV가 있는지 몰랐던 거지. 아주 그냥 딱 잡아 떼더라니까? 만약에 CCTV 없었으면 어쩔 뻔했냐? 난 진짜 소름이 쫙 끼치더라니까.
5	아, 네? 뭐하시냐고요?
7	어. 근데 나 나가면… 엄마 밥 혼자 먹어야 되잖아. 같이 먹자. 어?
5	그건 겨울 옷이잖아. 겨울 옷 입으면 엄마 너무 더워서 안 돼.
3	그랬는데도 이중으로 받았다고?
0	 아이고 요놈 귀찮게 하네.
5	하루에 한 번? 아침에? 저녁에?
4	그럼… 제일 비싼건… 금액이 어느 정도인가요?
7	그러시지 마시고, 인터넷으로 주문해서 쓰세요. 2만원이면 그래도 꽤 차이 나잖아요.
0	강인아. 조용하게 있자. 여기 우리만 있는 공간 아니야. 다른 사람들도 다 같이 쓰는 공간이니까, 시끄럽게 하면 안 돼.
3	그걸 모르냐? 니 입에는 필터가 없다고.
7	그래. 그럼 초코로 하자!
5	아, 추천서. 그래. 써줄게. 그게 뭐 어렵다고.
4	행시를 왜들 그렇게 많이 해?
2	어머.. 그 사위가 미국서 되게 잘나간다고 하지 않았어요?
6	그래도 이건 너무하지. 난 아빠가 비밀로 할 줄 알았는데…
0	미쳤냐? 너한테 왜 보여줘.
4	이제 슬슬 절차 밟아야지.
3	아 꿀꺽 삼키셨는데 파리인 줄 아실정도면 평소에도 파리를 즐겨 드셨나봐요?
3	나도 하고 싶어서 하는 거 아니야. 안하면 안되니까 하는거라고…
3	너 그때 나한테 미팅 시켜달라고 조를 때 아니야? 내가 듣기 좋게 거절하려고 무척 고생했었는데.
1	너 빈대 안 붙기로 약속 했잖아.
0	당연히 알지! 왜 몰라?
2	그건 그러네. 아 희진이한테 뭐라고 얘기하지?
4	어.. 그게. 가서 입을 옷도 사야되고, 숙소도 생각보다 비싸고..
4	정말이야. 그냥 잠깐 우울감이 드나 보다 했는데… 어느새 너무 무기력해져버려서. 너무… 공허했거든.
0	있다가는 없다니까. 엘리베이터 잡아 놓을 테니, 지금 나와요.
6	무슨 말씀이세요 저 아니라니까요?        저희 꼬박꼬박 종량제 봉투 사용 하는데?
6	쟤네들은 고등학생인가?
0	네. 저 되게 바쁘거든요? 이 일 끝나고도 매번 할 일이 있고요.
0	아버지가 따로 있지. 우리 엄마랑 결혼 했다고 당신이 내 아버지가 되는게 말이 됩니까?
6	아...
5	엄마한테 태블릿 사 줄거야? 나는?
4	어… 제가 안했는데.
4	아유, 영재 엄마! 섭섭하려구 그러네. 우리 사이에, 뭐 용건이 있어야만 만나구 하는 건 아니잖어.
6	근데 개가 자꾸 그걸 출판하고 싶대.
5	얼마나?
7	아니야. 전공인 애들도 있었는데 니가 1등한거야.
2	당분간이라면 얼마나 못 쓰게 되는 건가요? 저 그럼.. 병가에.. 언제쯤 다시 쓸 수 있을지에 대해서도 논의를 해 봐야 하고요..
4	아마..8월 14,15,16일, 이렇게 3일 갈 것 같은데?
4	그치? 돈 버는 게 그립다.
7	얼굴에 다 나오는데, 어떻게 모르겠어요.        그래서, 여자친구가 왜?
5	에, 조금이 아닌데?  이모보다 더 컸네??  이야, 혁근이 이제 장가가도 되겠네.
4	세월이 참 빨라. 이젠 내가 어머니 돌아가셨을 때 보다 나이가 더 많아졌으니까.
1	그래? 그럼 가까이서 보지 뭐. 사실 그냥 농담해보려고 한 건데, 엄마가 엄청 진지하게 받아 들이네.
7	 시간도 늦었고 하니, 오늘은 들어가 쉬시고 저희 병원에서 내일 다시 전화를 드리겠습니다. 
1	비용 절감이랑도 관련이 있나요?
1	놀다가. 학원 버스 타고 집에 오면, 부모님 절대 모르실걸.
5	그게 간단한 거 아니야?
3	못 바꾸죠. 그러니까. 선배. 화이팅!
7	내가 뭐라고 말려? 가서 니꿈을 펼쳐!
7	알았어.
5	그거 참 감사한 결단이군요. 할렐루야!
7	라면? 야 그게 더 살찌겠다.
1	걱정 안 해도 돼. 그 아저씨 맨날 집에 있어서, 고양이랑 맨날 놀아 줄 걸?
4	그렇긴 해. 너무 비싸니까 엄마가 많이 못사주는 거겠지?
6	동생의 고통을 즐기는 나쁜놈이네.
0	뭐? 내가 뭐.
5	뭐라고 말을 했는데. 아빠 또 화냈지?
6	백화점 가야지.
1	왜? 뱀 닭이 뭔 데?
1	나 경기권 호텔경영학과.
0	또 사줘? 너 왜 자꾸 컴퓨터 망가뜨려?
5	응. 전보다 잘 보인다.
3	그거야 오빠가 맨날 아빠한테 말대꾸 하니까 그렇지.
0	할 줄 아는 게 왜 없어 내가!
5	발레? 갑자기 웬 발레?
0	그래 임마. 보고 오라고.
0	그래…! 앞으로는 국가대표팀이고 뭐고, 아예 관심 끄고 안 본다! 안 봐!
5	 헐 엄마. 미쳤어!!!!
0	허리 아프면 나중에 다리도 아프고 팔도 아픈거야, 얼른 병원가.
3	불법 같은 소리하네. 우리는 재료를 사서 쓰는 게 아니고, 죄다 농사 지어서 쓰는데, 손님이 남기는 족족 버리면, 그거 아까워서 어떻게 하냐?
4	오춘기가 아니라 그래. 애들 다 키워놓고 나니까, 지금까지 인생에 남은 게 뭐 있나 싶고.
4	네… 아무래도. 촬영장 나오니까 전화할 시간도 잘 없고요.
3	배려까지는 바라지도 않아, 양심이라도 있어봐라! 양심이라도!
4	민철이네 아버지가 또 돌아가셨대네.
5	왜. 할 말 있나?
3	부장님은 여기가 집이고 거기가 직장이래요.
0	오빠가 아니면 그럼 누구야.
1	발렛 파킹도 하나의 사업이 된거지.. 장사 잘되는데서 발렛 파킹 하면 한 시간에 몇 만원씩 벌고 얼마나 좋겠어.
1	핸드폰 있으면 엄청 편하겠다.
6	아뇨, 아직 한 번도 없어요. 사는 게 너무 재미가 없으니까... 이런 걸로 일주일을 버티는 거죠. 기대감으로.
2	모릅니다.
3	뭐라고..?!
7	어. 우빈아.  이거.
5	야 형. 그동안 잘 지냈어?
5	그립다고? 누나도 답답했다며?
6	나쁜 짓 하면 다 그대로 돌아오는거야
4	화내지 마로. 무서워.
7	그런 생각은 좋은 생각인거 같아요.
